time,time_ms,latitude,longitude,elevation,airspeed,pressure_diff,temp,satellites
21:09:39,226112,34.01675034,-118.44854736,0.00,0.00,-32.72,34.07,4
21:09:39,226313,34.01675034,-118.44854736,61.60,0.00,-28.51,36.41,4
21:09:39,226517,34.01675034,-118.44854736,61.60,0.00,-56.92,36.41,4
21:09:39,226718,34.01675034,-118.44854736,61.60,0.00,-34.82,36.41,4
21:09:39,226918,34.01675034,-118.44854736,61.60,0.00,-33.25,36.41,4
21:09:40,227125,34.01677322,-118.44855499,61.60,0.00,-31.67,37.34,4
21:09:40,227330,34.01677322,-118.44855499,60.60,0.00,-35.88,36.88,4
21:09:40,227533,34.01677322,-118.44855499,60.60,0.00,-31.14,36.41,4
21:09:40,227734,34.01677322,-118.44855499,60.60,0.00,-26.93,36.88,4
21:09:40,227937,34.01677322,-118.44855499,60.60,0.00,-31.67,36.41,4
21:09:41,228142,34.01681137,-118.44855499,60.60,0.00,-25.88,37.34,4
21:09:41,228344,34.01681137,-118.44855499,60.20,13.52,111.94,36.88,4
21:09:41,228546,34.01681137,-118.44855499,60.20,0.00,-11.15,37.34,4
21:09:41,228748,34.01681137,-118.44855499,60.20,0.00,-61.13,36.88,4
21:09:41,228948,34.01681137,-118.44855499,60.20,8.58,45.13,36.41,4
21:09:42,229150,34.01684189,-118.44856262,60.20,4.02,9.89,36.88,4
21:09:42,229356,34.01684189,-118.44856262,60.40,6.27,24.09,36.41,4
21:09:42,229556,34.01684189,-118.44856262,60.40,9.16,51.45,37.34,4
21:09:42,229760,34.01684189,-118.44856262,60.40,6.06,22.51,37.34,4
21:09:42,229962,34.01684189,-118.44856262,60.40,2.42,3.58,36.41,4
21:09:43,230170,34.01686478,-118.44854736,60.50,14.79,134.03,36.41,4
21:09:43,230384,34.01686478,-118.44854736,60.50,11.60,82.48,36.41,4
21:09:43,230587,34.01686478,-118.44854736,60.50,13.16,106.15,36.41,4
21:09:43,230788,34.01686478,-118.44854736,60.50,13.86,117.73,36.41,4
21:09:43,230995,34.01686478,-118.44854736,60.50,17.99,198.21,36.88,4
21:09:44,231200,34.01689148,-118.44853210,60.40,10.84,71.96,36.41,4
21:09:44,231400,34.01689148,-118.44853210,60.40,12.43,94.58,36.41,4
21:09:44,231603,34.01689148,-118.44853210,60.40,4.97,15.15,36.88,4
21:09:44,231805,34.01689148,-118.44853210,60.40,13.61,113.52,36.41,4
21:09:44,232011,34.01689148,-118.44853210,60.40,12.39,94.05,36.41,4
21:09:45,232218,34.01692581,-118.44850922,60.00,12.43,94.58,36.41,4
21:09:45,232425,34.01692581,-118.44850922,60.00,10.60,68.80,36.41,4
21:09:45,232629,34.01692581,-118.44850922,60.00,12.00,88.27,36.41,4
21:09:45,232831,34.01692581,-118.44850922,60.00,16.73,171.38,36.41,4
21:09:45,233032,34.01692581,-118.44850922,60.00,12.04,88.79,35.94,4
21:09:46,233237,34.01696777,-118.44848633,59.60,15.17,140.87,36.41,4
21:09:46,233444,34.01696777,-118.44848633,59.60,4.23,10.94,36.41,4
21:09:46,233648,34.01696777,-118.44848633,59.60,16.98,176.64,36.41,4
21:09:46,233849,34.01696777,-118.44848633,59.60,15.80,152.97,36.41,4
21:09:47,234053,34.01700592,-118.44846344,59.60,0.00,-1.16,36.41,4
21:09:47,234257,34.01700592,-118.44846344,59.50,4.23,10.94,35.94,4
21:09:47,234460,34.01700592,-118.44846344,59.50,11.30,78.27,35.94,4
21:09:47,234662,34.01700592,-118.44846344,59.50,15.72,151.39,35.94,4
21:09:47,234862,34.01700592,-118.44846344,59.50,14.62,130.88,36.41,4
21:09:48,235062,34.01704407,-118.44843292,59.50,9.58,56.18,36.41,4
21:09:48,235262,34.01704407,-118.44843292,59.30,6.47,25.67,35.94,4
21:09:48,235462,34.01704407,-118.44843292,59.30,13.86,117.73,35.94,4
21:09:48,235665,34.01704407,-118.44843292,59.30,9.02,49.87,35.94,4
21:09:48,235868,34.01704407,-118.44843292,59.30,11.30,78.27,36.41,4
21:09:49,236072,34.01709366,-118.44840240,59.30,9.67,57.23,35.94,4
21:09:49,236274,34.01709366,-118.44840240,58.90,16.52,167.17,35.94,4
21:09:49,236494,34.01709366,-118.44840240,58.90,18.60,211.89,35.94,4
21:09:49,236697,34.01709366,-118.44840240,58.90,8.01,39.35,36.41,4
21:09:49,236898,34.01709366,-118.44840240,58.90,7.96,38.82,35.94,4
21:09:50,237102,34.01713943,-118.44837189,58.90,7.17,31.46,36.41,4
21:09:50,237304,34.01713943,-118.44837189,58.60,14.71,132.46,36.41,4
21:09:50,237507,34.01713943,-118.44837189,58.60,17.51,187.69,35.94,4
21:09:50,237710,34.01713943,-118.44837189,58.60,8.88,48.29,35.94,4
21:09:50,237914,34.01713943,-118.44837189,58.60,19.41,230.82,35.94,4
21:09:51,238118,34.01716995,-118.44832611,58.60,12.29,92.48,35.94,4
21:09:51,238324,34.01716995,-118.44832611,58.10,15.80,152.97,35.94,4
21:09:51,238528,34.01716995,-118.44832611,58.10,0.00,-9.57,35.94,4
21:09:51,238728,34.01716995,-118.44832611,58.10,18.39,207.15,35.94,4
21:09:51,238932,34.01716995,-118.44832611,58.10,8.12,40.40,35.94,4
21:09:52,239136,34.01720810,-118.44828796,58.10,0.00,-4.84,35.94,4
21:09:52,239338,34.01720810,-118.44828796,57.10,16.88,174.54,36.41,4
21:09:52,239542,34.01720810,-118.44828796,57.10,7.05,30.40,35.94,4
21:09:52,239747,34.01720810,-118.44828796,57.10,15.75,151.92,35.94,4
21:09:52,239948,34.01720810,-118.44828796,57.10,14.26,124.56,35.94,4
21:09:53,240151,34.01723862,-118.44824219,57.10,16.88,174.54,35.94,4
21:09:53,240354,34.01723862,-118.44824219,57.00,0.00,-4.84,35.94,4
21:09:53,240556,34.01723862,-118.44824219,57.00,12.04,88.79,35.94,4
21:09:53,240759,34.01723862,-118.44824219,57.00,13.52,111.94,35.47,4
21:09:53,240961,34.01723862,-118.44824219,57.00,16.02,157.18,35.94,4
21:09:54,241180,34.01728439,-118.44819641,56.30,9.07,50.39,35.94,4
21:09:54,241383,34.01728439,-118.44819641,56.30,8.58,45.13,35.94,4
21:09:54,241583,34.01728439,-118.44819641,56.30,16.39,164.54,35.94,4
21:09:54,241786,34.01728439,-118.44819641,56.30,16.47,166.12,35.94,4
21:09:54,241992,34.01728439,-118.44819641,56.30,9.53,55.65,35.94,4
21:09:55,242195,34.01734924,-118.44815826,55.00,4.71,13.57,35.47,4
21:09:55,242397,34.01734924,-118.44815826,55.00,6.80,28.30,35.47,4
21:09:55,242599,34.01734924,-118.44815826,55.00,2.03,2.52,35.94,4
21:09:55,242800,34.01734924,-118.44815826,55.00,23.09,326.56,35.94,4
21:09:55,243004,34.01734924,-118.44815826,55.00,10.52,67.75,35.47,4
21:09:56,243210,34.01739120,-118.44811249,54.30,21.51,283.43,35.94,4
21:09:56,243411,34.01739120,-118.44811249,54.30,11.82,85.64,35.94,4
21:09:56,243612,34.01739120,-118.44811249,54.30,13.68,114.57,35.47,4
21:09:56,243814,34.01739120,-118.44811249,54.30,0.00,-53.24,35.47,4
21:09:56,244017,34.01739120,-118.44811249,54.30,15.11,139.82,35.47,4
21:09:57,244227,34.01743698,-118.44806671,54.00,11.00,74.07,35.94,4
21:09:57,244433,34.01743698,-118.44806671,54.00,8.17,40.93,35.47,4
21:09:57,244633,34.01743698,-118.44806671,54.00,11.30,78.27,35.47,4
21:09:57,244834,34.01743698,-118.44806671,54.00,6.47,25.67,35.94,4
21:09:57,245042,34.01743698,-118.44806671,54.00,10.27,64.60,35.47,4
21:09:58,245244,34.01753235,-118.44805145,52.50,12.60,97.21,35.47,4
21:09:58,245451,34.01753235,-118.44805145,52.50,9.26,52.50,35.94,4
21:09:58,245654,34.01753235,-118.44805145,52.50,14.26,124.56,35.94,4
21:09:58,245854,34.01753235,-118.44805145,52.50,13.13,105.63,35.47,4
21:09:59,246062,34.01758575,-118.44802094,52.50,8.48,44.08,35.94,4
21:09:59,246262,34.01758575,-118.44802094,51.80,12.67,98.26,35.94,4
21:09:59,246464,34.01758575,-118.44802094,51.80,15.02,138.24,35.94,4
21:09:59,246668,34.01758575,-118.44802094,51.80,4.23,10.94,35.47,4
21:09:59,246871,34.01758575,-118.44802094,51.80,0.00,-21.15,35.94,4
21:10:00,247077,34.01764297,-118.44799042,51.80,12.80,100.37,35.47,4
21:10:00,247283,34.01764297,-118.44799042,51.40,2.90,5.15,35.94,4
21:10:00,247486,34.01764297,-118.44799042,51.40,8.17,40.93,35.47,4
21:10:00,247688,34.01764297,-118.44799042,51.40,6.98,29.88,35.47,4
21:10:00,247899,34.01764297,-118.44799042,51.40,6.86,28.83,35.47,4
21:10:01,248101,34.01767731,-118.44794464,51.40,11.49,80.90,35.47,4
21:10:01,248308,34.01767731,-118.44794464,51.20,12.87,101.42,35.47,4
21:10:01,248510,34.01767731,-118.44794464,51.20,12.70,98.79,35.47,4
21:10:01,248710,34.01767731,-118.44794464,51.20,12.11,89.85,35.47,4
21:10:01,248912,34.01767731,-118.44794464,51.20,10.88,72.49,35.47,4
21:10:02,249120,34.01772308,-118.44791412,51.20,15.80,152.97,35.47,4
21:10:02,249326,34.01772308,-118.44791412,50.90,12.50,95.63,35.47,4
21:10:02,249530,34.01772308,-118.44791412,50.90,16.55,167.70,35.47,4
21:10:02,249732,34.01772308,-118.44791412,50.90,14.76,133.51,35.47,4
21:10:02,249935,34.01772308,-118.44791412,50.90,7.85,37.77,35.47,4
21:10:03,250136,34.01775742,-118.44787598,50.90,11.30,78.27,35.47,4
21:10:03,250337,34.01775742,-118.44787598,51.00,6.27,24.09,35.47,4
21:10:03,250539,34.01775742,-118.44787598,51.00,13.61,113.52,35.94,4
21:10:03,250743,34.01775742,-118.44787598,51.00,13.03,104.05,35.47,4
21:10:03,250944,34.01775742,-118.44787598,51.00,7.85,37.77,35.47,4
21:10:04,251151,34.01779175,-118.44783020,51.00,16.98,176.64,35.47,4
21:10:04,251351,34.01779175,-118.44783020,51.00,16.62,169.28,35.47,4
21:10:04,251555,34.01779175,-118.44783020,51.00,3.68,8.31,35.47,4
21:10:04,251756,34.01779175,-118.44783020,51.00,7.69,36.19,35.47,4
21:10:04,251959,34.01779175,-118.44783020,51.00,8.78,47.24,35.47,4
21:10:05,252163,34.01781464,-118.44777679,51.00,0.00,-93.21,35.47,4
21:10:05,252368,34.01781464,-118.44777679,51.30,14.35,126.14,35.47,4
21:10:05,252571,34.01781464,-118.44777679,51.30,8.28,41.98,35.47,4
21:10:05,252771,34.01781464,-118.44777679,51.30,5.23,16.73,35.47,4
21:10:05,252978,34.01781464,-118.44777679,51.30,0.00,-24.30,35.47,4
21:10:06,253178,34.01785660,-118.44773865,50.40,9.71,57.76,35.47,4
21:10:06,253389,34.01785660,-118.44773865,50.40,6.98,29.88,35.47,4
21:10:06,253589,34.01785660,-118.44773865,50.40,9.53,55.65,35.47,4
21:10:06,253792,34.01785660,-118.44773865,50.40,12.50,95.63,35.47,4
21:10:06,254000,34.01785660,-118.44773865,50.40,17.51,187.69,35.47,4
21:10:07,254205,34.01790237,-118.44769287,50.10,8.88,48.29,35.47,4
21:10:07,254405,34.01790237,-118.44769287,50.10,7.96,38.82,35.47,4
21:10:07,254607,34.01790237,-118.44769287,50.10,3.57,7.78,35.47,4
21:10:07,254811,34.01790237,-118.44769287,50.10,6.54,26.20,35.47,4
21:10:07,255017,34.01790237,-118.44769287,50.10,2.90,5.15,35.00,4
21:10:08,255221,34.01794434,-118.44764709,49.70,18.92,219.25,35.00,4
21:10:08,255422,34.01794434,-118.44764709,49.70,0.00,-29.56,35.47,4
21:10:08,255622,34.01794434,-118.44764709,49.70,7.40,33.56,35.47,4
21:10:08,255825,34.01794434,-118.44764709,49.70,13.61,113.52,35.47,4
21:10:08,256027,34.01794434,-118.44764709,49.70,11.19,76.70,35.47,4
21:10:09,256227,34.01798630,-118.44759369,50.10,18.18,202.42,35.00,4
21:10:09,256428,34.01798630,-118.44759369,50.10,7.05,30.40,35.47,4
21:10:09,256630,34.01798630,-118.44759369,50.10,11.60,82.48,35.47,4
21:10:09,256832,34.01798630,-118.44759369,50.10,10.39,66.17,35.47,4
21:10:09,257032,34.01798630,-118.44759369,50.10,15.88,154.55,35.47,4
21:10:10,257239,34.01801682,-118.44754028,50.80,9.67,57.23,35.47,4
21:10:10,257442,34.01801682,-118.44754028,50.80,2.42,3.58,35.00,4
21:10:10,257645,34.01801682,-118.44754028,50.80,10.02,61.44,35.47,4
21:10:10,257849,34.01801682,-118.44754028,50.80,14.76,133.51,35.00,4
21:10:11,258051,34.01805878,-118.44749451,50.80,9.44,54.60,35.47,4
21:10:11,258257,34.01805878,-118.44749451,50.60,2.03,2.52,35.00,4
21:10:11,258461,34.01805878,-118.44749451,50.60,14.88,135.61,35.47,4
21:10:11,258662,34.01805878,-118.44749451,50.60,12.32,93.00,35.47,4
21:10:11,258866,34.01805878,-118.44749451,50.60,10.14,63.02,35.47,4
21:10:12,259066,34.01810837,-118.44744873,50.60,12.18,90.90,35.00,4
21:10:12,259268,34.01810837,-118.44744873,50.30,10.39,66.17,35.47,4
21:10:12,259472,34.01810837,-118.44744873,50.30,13.39,109.84,35.00,4
21:10:12,259673,34.01810837,-118.44744873,50.30,14.11,121.93,35.00,4
21:10:12,259874,34.01810837,-118.44744873,50.30,14.17,122.99,35.47,4
21:10:13,260087,34.01815796,-118.44740295,50.30,6.98,29.88,35.00,4
21:10:13,260288,34.01815796,-118.44740295,50.10,0.00,-0.63,35.00,4
21:10:13,260491,34.01815796,-118.44740295,50.10,13.42,110.36,35.00,4
21:10:13,260693,34.01815796,-118.44740295,50.10,13.58,112.99,35.47,4
21:10:13,260894,34.01815796,-118.44740295,50.10,12.00,88.27,35.47,4
21:10:14,261095,34.01820755,-118.44736481,50.10,9.40,54.08,35.00,4
21:10:14,261298,34.01820755,-118.44736481,50.40,14.97,137.19,35.00,4
21:10:14,261499,34.01820755,-118.44736481,50.40,8.58,45.13,35.47,4
21:10:14,261703,34.01820755,-118.44736481,50.40,9.67,57.23,34.53,4
21:10:14,261907,34.01820755,-118.44736481,50.40,7.85,37.77,35.47,4
21:10:15,262111,34.01824951,-118.44731903,50.40,9.02,49.87,35.47,4
21:10:15,262311,34.01824951,-118.44731903,50.50,11.15,76.17,35.47,4
21:10:15,262514,34.01824951,-118.44731903,50.50,15.88,154.55,35.00,4
21:10:15,262714,34.01824951,-118.44731903,50.50,18.34,206.10,35.47,4
21:10:15,262917,34.01824951,-118.44731903,50.50,0.00,-20.09,35.00,4
21:10:16,263126,34.01828384,-118.44728088,50.50,16.75,171.91,35.00,4
21:10:16,263330,34.01828384,-118.44728088,51.00,0.00,-23.78,35.00,4
21:10:16,263530,34.01828384,-118.44728088,51.00,9.67,57.23,35.00,4
21:10:16,263733,34.01828384,-118.44728088,51.00,0.00,-16.41,35.00,4
21:10:16,263934,34.01828384,-118.44728088,51.00,6.13,23.04,35.00,4
21:10:17,264139,34.01832962,-118.44725037,51.00,12.29,92.48,35.00,4
21:10:17,264340,34.01832962,-118.44725037,51.80,11.53,81.43,35.00,4
21:10:17,264540,34.01832962,-118.44725037,51.80,11.60,82.48,35.00,4
21:10:17,264740,34.01832962,-118.44725037,51.80,12.22,91.42,35.00,4
21:10:17,264944,34.01832962,-118.44725037,51.80,13.61,113.52,35.00,4
21:10:18,265149,34.01837540,-118.44722748,51.80,7.85,37.77,35.00,4
21:10:18,265350,34.01837540,-118.44722748,51.50,10.52,67.75,35.00,4
21:10:18,265550,34.01837540,-118.44722748,51.50,15.25,142.45,35.00,4
21:10:18,265751,34.01837540,-118.44722748,51.50,12.67,98.26,35.00,4
21:10:18,265954,34.01837540,-118.44722748,51.50,3.32,6.73,35.00,4
21:10:19,266156,34.01839828,-118.44718933,52.10,14.38,126.67,35.00,4
21:10:19,266360,34.01839828,-118.44718933,52.10,10.39,66.17,35.00,4
21:10:19,266562,34.01839828,-118.44718933,52.10,5.92,21.46,35.00,4
21:10:19,266765,34.01839828,-118.44718933,52.10,8.63,45.66,35.00,4
21:10:19,266968,34.01839828,-118.44718933,52.10,6.06,22.51,34.53,4
21:10:20,267176,34.01839066,-118.44714355,52.90,9.26,52.50,35.00,4
21:10:20,267380,34.01839066,-118.44714355,52.90,12.00,88.27,35.00,4
21:10:20,267581,34.01839066,-118.44714355,52.90,12.67,98.26,35.00,4
21:10:20,267783,34.01839066,-118.44714355,52.90,9.07,50.39,35.00,4
21:10:20,267988,34.01839066,-118.44714355,52.90,8.43,43.56,34.53,4
21:10:21,268198,34.01837921,-118.44709778,53.30,0.00,-8.52,35.00,4
21:10:21,268406,34.01837921,-118.44709778,53.30,0.00,-32.72,34.53,4
21:10:21,268609,34.01837921,-118.44709778,53.30,13.86,117.73,35.00,4
21:10:21,268813,34.01837921,-118.44709778,53.30,8.63,45.66,35.00,4
21:10:21,269017,34.01837921,-118.44709778,53.30,14.17,122.99,35.00,4
21:10:22,269223,34.01837540,-118.44705963,53.50,11.79,85.11,35.00,4
21:10:22,269430,34.01837540,-118.44705963,53.50,13.42,110.36,35.00,4
21:10:22,269630,34.01837540,-118.44705963,53.50,10.84,71.96,35.00,4
21:10:22,269833,34.01837540,-118.44705963,53.50,8.01,39.35,35.00,4
21:10:23,270043,34.01838303,-118.44703674,53.50,14.85,135.09,35.00,4
21:10:23,270244,34.01838303,-118.44703674,53.80,12.00,88.27,35.00,4
21:10:23,270447,34.01838303,-118.44703674,53.80,10.14,63.02,35.00,4
21:10:23,270649,34.01838303,-118.44703674,53.80,8.43,43.56,35.00,4
21:10:23,270853,34.01838303,-118.44703674,53.80,8.12,40.40,35.00,4
21:10:33,280173,34.01850510,-118.44682312,54.20,11.79,85.11,34.53,4
21:10:33,280378,34.01850510,-118.44682312,54.20,12.18,90.90,34.53,4
21:10:33,280580,34.01850510,-118.44682312,54.20,10.84,71.96,34.53,4
21:10:33,280780,34.01850510,-118.44682312,54.20,8.12,40.40,34.53,4
21:10:33,280981,34.01850510,-118.44682312,54.20,8.28,41.98,35.00,4
21:10:34,281187,34.01850510,-118.44678497,54.80,12.70,98.79,34.53,4
21:10:34,281397,34.01850510,-118.44678497,54.80,11.82,85.64,34.53,4
21:10:34,281599,34.01850510,-118.44678497,54.80,9.02,49.87,34.53,4
21:10:34,281799,34.01850510,-118.44678497,54.80,9.02,49.87,35.00,4
21:10:34,282006,34.01850510,-118.44678497,54.80,11.38,79.33,34.53,4
21:10:35,282208,34.01853943,-118.44676208,54.50,14.20,123.51,34.53,4
21:10:35,282411,34.01853943,-118.44676208,54.50,13.42,110.36,34.53,4
21:10:35,282613,34.01853943,-118.44676208,54.50,9.58,56.18,34.53,4
21:10:35,282815,34.01853943,-118.44676208,54.50,13.03,104.05,35.00,4
21:10:35,283016,34.01853943,-118.44676208,54.50,15.97,156.13,34.53,4
21:10:36,283225,34.01856995,-118.44673920,52.90,9.16,51.45,34.07,4
21:10:36,283425,34.01856995,-118.44673920,52.90,10.31,65.12,34.53,4
21:10:36,283628,34.01856995,-118.44673920,52.90,8.28,41.98,34.53,4
21:10:36,283830,34.01856995,-118.44673920,52.90,9.30,53.02,34.53,4
21:10:36,284033,34.01856995,-118.44673920,52.90,14.79,134.03,34.53,4
21:10:37,284239,34.01857758,-118.44670868,53.70,11.68,83.53,34.53,4
21:10:37,284441,34.01857758,-118.44670868,53.70,13.07,104.58,34.53,4
21:10:37,284641,34.01857758,-118.44670868,53.70,13.23,107.21,34.53,4
21:10:37,284841,34.01857758,-118.44670868,53.70,4.71,13.57,34.53,4
21:10:38,285045,34.01859283,-118.44668579,53.70,13.16,106.15,34.53,4
21:10:38,285253,34.01859283,-118.44668579,53.20,17.18,180.85,34.53,4
21:10:38,285453,34.01859283,-118.44668579,53.20,12.04,88.79,34.53,4
21:10:38,285653,34.01859283,-118.44668579,53.20,8.73,46.71,34.53,4
21:10:38,285856,34.01859283,-118.44668579,53.20,10.64,69.33,34.53,4
21:10:39,286062,34.01860809,-118.44665527,53.20,10.60,68.80,34.53,4
21:10:39,286269,34.01860809,-118.44665527,53.70,12.00,88.27,34.53,4
21:10:39,286470,34.01860809,-118.44665527,53.70,6.98,29.88,34.53,4
21:10:39,286671,34.01860809,-118.44665527,53.70,15.56,148.24,34.53,4
21:10:39,286872,34.01860809,-118.44665527,53.70,17.11,179.27,34.53,4
21:10:40,287072,34.01863098,-118.44663239,53.70,17.18,180.85,34.53,4
21:10:40,287285,34.01863098,-118.44663239,52.90,15.94,155.60,34.53,4
21:10:40,287487,34.01863098,-118.44663239,52.90,18.18,202.42,34.53,4
21:10:40,287690,34.01863098,-118.44663239,52.90,16.62,169.28,34.53,4
21:10:40,287891,34.01863098,-118.44663239,52.90,14.94,136.66,34.53,4
21:10:41,288093,34.01863861,-118.44660950,52.90,8.48,44.08,34.53,4
21:10:41,288293,34.01863861,-118.44660950,53.20,14.17,122.99,34.53,4
21:10:41,288495,34.01863861,-118.44660950,53.20,1.24,0.95,34.53,4
21:10:41,288699,34.01863861,-118.44660950,53.20,14.79,134.03,34.53,4
21:10:41,288900,34.01863861,-118.44660950,53.20,17.85,195.05,34.53,4
21:10:42,289103,34.01865387,-118.44658661,53.20,14.97,137.19,34.53,4
21:10:42,289305,34.01865387,-118.44658661,52.60,3.32,6.73,34.53,4
21:10:42,289509,34.01865387,-118.44658661,52.60,5.92,21.46,34.07,4
21:10:42,289711,34.01865387,-118.44658661,52.60,9.26,52.50,34.53,4
21:10:42,289918,34.01865387,-118.44658661,52.60,12.22,91.42,34.53,4
21:10:43,290126,34.01865768,-118.44657135,52.60,13.86,117.73,34.53,4
21:10:43,290334,34.01865768,-118.44657135,52.70,0.00,-19.57,34.53,4
21:10:43,290536,34.01865768,-118.44657135,52.70,10.84,71.96,34.53,4
21:10:43,290736,34.01865768,-118.44657135,52.70,8.43,43.56,34.53,4
21:10:43,290937,34.01865768,-118.44657135,52.70,11.72,84.06,34.53,4
21:10:44,291140,34.01865768,-118.44655609,52.70,16.91,175.06,34.07,4
21:10:44,291340,34.01865768,-118.44655609,53.40,17.08,178.75,34.53,4
21:10:44,291542,34.01865768,-118.44655609,53.40,9.02,49.87,34.53,4
21:10:44,291746,34.01865768,-118.44655609,53.40,12.04,88.79,34.53,4
21:10:44,291947,34.01865768,-118.44655609,53.40,20.94,268.70,34.07,4
21:10:45,292158,34.01865005,-118.44655609,53.50,10.64,69.33,34.53,4
21:10:45,292358,34.01865005,-118.44655609,53.50,17.65,190.85,34.53,4
21:10:45,292560,34.01865005,-118.44655609,53.50,17.23,181.90,34.53,4
21:10:45,292760,34.01865005,-118.44655609,53.50,10.19,63.54,34.53,4
21:10:45,292961,34.01865005,-118.44655609,53.50,15.58,148.76,34.07,4
21:10:46,293165,34.01865387,-118.44655609,53.70,11.07,75.12,34.53,4
21:10:46,293367,34.01865387,-118.44655609,53.70,5.23,16.73,34.53,4
21:10:46,293568,34.01865387,-118.44655609,53.70,2.03,2.52,34.53,4
21:10:46,293770,34.01865387,-118.44655609,53.70,11.49,80.90,34.53,4
21:10:46,293971,34.01865387,-118.44655609,53.70,16.62,169.28,34.07,4
21:10:47,294172,34.01865005,-118.44656372,53.60,7.05,30.40,34.53,4
21:10:47,294376,34.01865005,-118.44656372,53.60,2.42,3.58,34.53,4
21:10:47,294580,34.01865005,-118.44656372,53.60,0.00,-16.41,34.53,4
21:10:47,294783,34.01865005,-118.44656372,53.60,0.00,-24.30,34.07,4
21:10:47,294988,34.01865005,-118.44656372,53.60,5.92,21.46,34.53,4
21:10:48,295194,34.01863861,-118.44655609,53.80,8.43,43.56,34.53,4
21:10:48,295401,34.01863861,-118.44655609,53.80,0.00,-12.20,34.53,4
21:10:48,295604,34.01863861,-118.44655609,53.80,3.68,8.31,34.53,4
21:10:48,295804,34.01863861,-118.44655609,53.80,0.00,-10.10,34.53,4
21:10:48,296012,34.01863861,-118.44655609,53.80,0.00,-1.16,34.53,4
21:10:49,296220,34.01862335,-118.44654846,54.30,0.00,-12.20,34.53,4
21:10:49,296425,34.01862335,-118.44654846,54.30,5.92,21.46,34.53,4
21:10:49,296626,34.01862335,-118.44654846,54.30,0.00,-22.73,34.07,4
21:10:49,296827,34.01862335,-118.44654846,54.30,4.23,10.94,34.53,4
21:10:49,297032,34.01862335,-118.44654846,54.30,8.17,40.93,34.53,4
21:10:50,297238,34.01858902,-118.44653320,54.90,4.80,14.10,34.53,4
21:10:50,297446,34.01858902,-118.44653320,54.90,3.32,6.73,34.53,4
21:10:50,297646,34.01858902,-118.44653320,54.90,0.00,-25.36,34.53,4
21:10:50,297850,34.01858902,-118.44653320,54.90,9.44,54.60,34.53,4
21:10:51,298058,34.01858139,-118.44652557,54.90,2.03,2.52,34.53,4
21:10:51,298307,34.01858139,-118.44652557,54.60,7.96,38.82,34.07,4
21:10:51,298509,34.01858139,-118.44652557,54.60,0.00,-39.03,34.53,4
21:10:51,298712,34.01858139,-118.44652557,54.60,0.00,-49.55,34.53,4
21:10:51,298915,34.01858139,-118.44652557,54.60,0.00,-13.78,34.53,4
21:11:01,308204,34.01864624,-118.44654083,56.80,0.00,-12.73,34.53,6
21:11:01,308409,34.01864624,-118.44654083,56.80,0.00,-35.88,34.53,6
21:11:01,308610,34.01864624,-118.44654083,56.80,15.36,144.55,34.53,6
21:11:01,308811,34.01864624,-118.44654083,56.80,0.00,-22.20,34.53,6
21:11:01,309027,34.01864624,-118.44654083,56.80,7.23,31.98,34.53,6
21:11:02,309231,34.01865005,-118.44654083,56.70,16.13,159.28,34.53,6
21:11:02,309431,34.01865005,-118.44654083,56.70,13.83,117.20,34.53,6
21:11:02,309632,34.01865005,-118.44654083,56.70,0.00,-8.52,34.07,6
21:11:02,309833,34.01865005,-118.44654083,56.70,0.00,-15.36,34.53,6
21:11:02,310038,34.01865005,-118.44654083,56.70,0.00,-1.16,34.53,6
21:11:03,310241,34.01866531,-118.44654846,57.40,21.27,277.12,34.07,6
21:11:03,310447,34.01866531,-118.44654846,57.40,16.52,167.17,34.53,6
21:11:03,310648,34.01866531,-118.44654846,57.40,28.77,506.99,34.07,6
21:11:03,310849,34.01866531,-118.44654846,57.40,0.00,-27.46,34.07,6
21:11:04,311049,34.01866150,-118.44654846,57.40,10.84,71.96,34.53,6
21:11:04,311253,34.01866150,-118.44654846,57.60,15.80,152.97,34.53,6
21:11:04,311461,34.01866150,-118.44654846,57.60,0.00,-94.27,34.53,6
21:11:04,311661,34.01866150,-118.44654846,57.60,0.00,-35.88,34.53,6
21:11:04,311861,34.01866150,-118.44654846,57.60,23.11,327.09,34.53,6
21:11:05,312062,34.01866531,-118.44654846,57.60,5.06,15.68,34.53,6
21:11:05,312269,34.01866531,-118.44654846,58.00,13.29,108.26,34.53,6
21:11:05,312472,34.01866531,-118.44654846,58.00,0.00,-18.52,34.53,6
21:11:05,312675,34.01866531,-118.44654846,58.00,20.09,247.13,34.53,6
21:11:05,312877,34.01866531,-118.44654846,58.00,16.39,164.54,34.53,6
21:11:06,313087,34.01866531,-118.44655609,58.00,17.92,196.63,34.53,6
21:11:06,313294,34.01866531,-118.44655609,58.30,17.58,189.27,34.53,6
21:11:06,313494,34.01866531,-118.44655609,58.30,17.03,177.69,34.07,6
21:11:06,313697,34.01866531,-118.44655609,58.30,1.81,2.00,34.53,6
21:11:06,313899,34.01866531,-118.44655609,58.30,13.33,108.78,34.53,6
21:11:07,314100,34.01866531,-118.44655609,58.30,3.57,7.78,34.53,6
21:11:07,314301,34.01866531,-118.44655609,58.70,0.00,-27.46,34.53,6
21:11:07,314503,34.01866531,-118.44655609,58.70,15.67,150.34,34.53,6
21:11:07,314706,34.01866531,-118.44655609,58.70,0.00,-110.57,34.53,6
21:11:07,314908,34.01866531,-118.44655609,58.70,20.09,247.13,34.07,6
21:11:08,315110,34.01866150,-118.44655609,58.70,0.83,0.42,34.53,6
21:11:08,315315,34.01866150,-118.44655609,59.00,0.00,-85.32,34.53,6
21:11:08,315518,34.01866150,-118.44655609,59.00,17.18,180.85,34.53,6
21:11:08,315722,34.01866150,-118.44655609,59.00,16.13,159.28,34.53,6
21:11:08,315922,34.01866150,-118.44655609,59.00,12.32,93.00,34.53,6
21:11:09,316128,34.01866531,-118.44655609,59.00,23.77,346.03,34.53,6
21:11:09,316335,34.01866531,-118.44655609,59.50,23.51,338.66,34.53,6
21:11:09,316539,34.01866531,-118.44655609,59.50,13.07,104.58,34.53,6
21:11:09,316739,34.01866531,-118.44655609,59.50,7.05,30.40,34.53,6
21:11:09,316942,34.01866531,-118.44655609,59.50,17.58,189.27,34.53,6
21:11:10,317146,34.01866531,-118.44655609,59.50,5.47,18.31,34.53,6
21:11:10,317352,34.01866531,-118.44655609,59.50,2.03,2.52,35.00,6
21:11:10,317556,34.01866531,-118.44655609,59.50,18.53,210.31,34.53,6
21:11:10,317756,34.01866531,-118.44655609,59.50,8.43,43.56,34.53,6
21:11:10,317956,34.01866531,-118.44655609,59.50,0.00,-4.84,34.07,6
21:11:11,318166,34.01866531,-118.44655609,59.20,20.19,249.76,34.53,6
21:11:11,318369,34.01866531,-118.44655609,59.20,17.72,192.42,34.53,6
21:11:11,318569,34.01866531,-118.44655609,59.20,0.00,-63.76,34.53,6
21:11:11,318771,34.01866531,-118.44655609,59.20,15.19,141.40,34.53,6
21:11:11,318975,34.01866531,-118.44655609,59.20,0.00,-10.10,34.53,6
21:11:12,319182,34.01866150,-118.44655609,59.40,29.98,550.65,34.53,6
21:11:12,319387,34.01866150,-118.44655609,59.40,2.42,3.58,34.53,6
21:11:12,319590,34.01866150,-118.44655609,59.40,11.07,75.12,34.53,6
21:11:12,319793,34.01866150,-118.44655609,59.40,17.80,194.00,34.53,6
21:11:12,320002,34.01866150,-118.44655609,59.40,13.68,114.57,34.53,6
21:11:13,320208,34.01865768,-118.44656372,59.30,9.02,49.87,34.53,6
21:11:13,320419,34.01865768,-118.44656372,59.30,20.00,245.03,34.53,6
21:11:13,320622,34.01865768,-118.44656372,59.30,6.47,25.67,34.53,6
21:11:13,320825,34.01865768,-118.44656372,59.30,10.76,70.91,34.53,6
21:11:13,321031,34.01865768,-118.44656372,59.30,14.44,127.72,34.53,6
21:11:14,321238,34.01865768,-118.44657135,58.90,7.23,31.98,34.53,6
21:11:14,321438,34.01865768,-118.44657135,58.90,14.88,135.61,34.53,6
21:11:14,321639,34.01865768,-118.44657135,58.90,7.63,35.66,34.53,6
21:11:14,321842,34.01865768,-118.44657135,58.90,8.78,47.24,34.53,6
21:11:15,322049,34.01865387,-118.44657135,58.90,13.13,105.63,34.07,6
21:11:15,322249,34.01865387,-118.44657135,58.90,0.00,-114.26,34.53,6
21:11:15,322457,34.01865387,-118.44657135,58.90,13.61,113.52,34.53,6
21:11:15,322661,34.01865387,-118.44657135,58.90,14.02,120.36,34.53,6
21:11:15,322864,34.01865387,-118.44657135,58.90,4.71,13.57,34.53,6
21:11:16,323066,34.01865768,-118.44657135,58.90,26.04,415.46,34.53,6
21:11:16,323276,34.01865768,-118.44657135,58.70,0.00,-0.63,34.53,6
21:11:16,323506,34.01865768,-118.44657135,58.70,10.60,68.80,34.53,6
21:11:16,323709,34.01865768,-118.44657135,58.70,23.62,341.82,34.53,6
21:11:16,323913,34.01865768,-118.44657135,58.70,0.00,-103.21,34.07,6
21:11:17,324115,34.01865768,-118.44657135,58.70,16.29,162.44,34.53,6
21:11:17,324317,34.01865768,-118.44657135,58.50,0.00,-12.20,34.53,6
21:11:17,324521,34.01865768,-118.44657135,58.50,17.08,178.75,34.53,6
21:11:17,324725,34.01865768,-118.44657135,58.50,0.00,-21.15,34.53,6
21:11:17,324928,34.01865768,-118.44657135,58.50,0.00,-1.16,34.07,6
21:11:18,325129,34.01866150,-118.44656372,58.50,19.15,224.51,34.53,6
21:11:18,325337,34.01866150,-118.44656372,58.50,4.02,9.89,34.53,6
21:11:18,325540,34.01866150,-118.44656372,58.50,10.14,63.02,34.53,6
21:11:18,325742,34.01866150,-118.44656372,58.50,0.00,-19.57,34.53,6
21:11:18,325946,34.01866150,-118.44656372,58.50,0.00,-60.60,34.53,6
21:11:19,326151,34.01865768,-118.44656372,58.50,13.74,115.62,34.53,6
21:11:19,326352,34.01865768,-118.44656372,58.10,21.33,278.69,34.53,6
21:11:19,326552,34.01865768,-118.44656372,58.10,9.80,58.81,34.53,6
21:11:19,326754,34.01865768,-118.44656372,58.10,13.83,117.20,34.53,6
21:11:19,326958,34.01865768,-118.44656372,58.10,6.27,24.09,34.53,6
21:11:20,327164,34.01866150,-118.44656372,57.90,12.43,94.58,34.53,6
21:11:20,327372,34.01866150,-118.44656372,57.90,17.26,182.43,34.53,6
21:11:20,327573,34.01866150,-118.44656372,57.90,12.70,98.79,34.53,6
21:11:20,327773,34.01866150,-118.44656372,57.90,5.31,17.25,34.53,6
21:11:20,327974,34.01866150,-118.44656372,57.90,0.00,-52.18,34.53,6
21:11:21,328178,34.01866150,-118.44656372,57.60,8.43,43.56,34.53,6
21:11:21,328380,34.01866150,-118.44656372,57.60,4.71,13.57,34.53,6
21:11:21,328582,34.01866150,-118.44656372,57.60,15.86,154.02,34.53,6
21:11:21,328786,34.01866150,-118.44656372,57.60,17.92,196.63,34.53,6
21:11:21,328989,34.01866150,-118.44656372,57.60,2.90,5.15,34.53,6
21:11:22,329195,34.01866150,-118.44656372,56.80,20.00,245.03,34.53,6
21:11:22,329398,34.01866150,-118.44656372,56.80,9.26,52.50,34.53,6
21:11:22,329603,34.01866150,-118.44656372,56.80,22.06,298.16,34.53,6
21:11:22,329804,34.01866150,-118.44656372,56.80,19.94,243.45,34.53,6
21:11:22,330007,34.01866150,-118.44656372,56.80,18.34,206.10,34.53,6
21:11:23,330209,34.01865768,-118.44657135,56.20,24.72,374.43,34.53,6
21:11:23,330410,34.01865768,-118.44657135,56.20,9.93,60.39,35.00,6
21:11:23,330611,34.01865768,-118.44657135,56.20,10.72,70.38,34.53,6
21:11:23,330815,34.01865768,-118.44657135,56.20,10.39,66.17,34.53,6
21:11:23,331017,34.01865768,-118.44657135,56.20,0.00,-76.38,34.53,6
21:11:24,331222,34.01866150,-118.44657135,56.30,12.04,88.79,34.53,6
21:11:24,331429,34.01866150,-118.44657135,56.30,21.15,273.96,34.53,6
21:11:24,331629,34.01866150,-118.44657135,56.30,21.33,278.69,34.53,6
21:11:24,331833,34.01866150,-118.44657135,56.30,12.39,94.05,34.53,6
21:11:25,332044,34.01866150,-118.44657135,56.30,21.63,286.58,34.53,6
21:11:25,332244,34.01866150,-118.44657135,55.80,28.44,495.42,34.53,6
21:11:25,332445,34.01866150,-118.44657135,55.80,0.00,-31.67,34.53,6
21:11:25,332646,34.01866150,-118.44657135,55.80,0.00,-12.20,34.53,6
21:11:25,332848,34.01866150,-118.44657135,55.80,8.73,46.71,34.53,6
21:11:26,333049,34.01866150,-118.44657135,55.80,20.07,246.61,34.53,6
21:11:26,333256,34.01866150,-118.44657135,55.70,20.09,247.13,34.53,6
21:11:26,333458,34.01866150,-118.44657135,55.70,0.00,-17.46,34.53,6
21:11:26,333661,34.01866150,-118.44657135,55.70,21.67,287.64,34.53,6
21:11:26,333863,34.01866150,-118.44657135,55.70,19.52,233.45,34.53,6
21:11:27,334063,34.01866150,-118.44656372,55.70,0.00,-157.39,34.53,6
21:11:27,334263,34.01866150,-118.44656372,56.10,24.02,353.39,34.53,6
21:11:27,334471,34.01866150,-118.44656372,56.10,22.04,297.63,34.53,6
21:11:27,334673,34.01866150,-118.44656372,56.10,16.98,176.64,34.53,6
21:11:27,334876,34.01866150,-118.44656372,56.10,22.77,317.62,34.53,6
21:11:28,335077,34.01866150,-118.44656372,56.10,0.00,-0.63,34.53,6
21:11:28,335282,34.01866150,-118.44656372,56.60,0.00,-34.82,35.00,6
21:11:28,335488,34.01866150,-118.44656372,56.60,11.42,79.85,34.53,6
21:11:28,335688,34.01866150,-118.44656372,56.60,11.68,83.53,34.53,6
21:11:28,335889,34.01866150,-118.44656372,56.60,18.08,200.31,34.53,6
21:11:29,336092,34.01866150,-118.44656372,56.60,14.68,131.93,34.53,6
21:11:29,336295,34.01866150,-118.44656372,56.40,26.70,436.50,34.53,6
21:11:29,336497,34.01866150,-118.44656372,56.40,8.58,45.13,34.07,6
21:11:29,336700,34.01866150,-118.44656372,56.40,16.47,166.12,34.53,6
21:11:29,336904,34.01866150,-118.44656372,56.40,14.68,131.93,34.53,6
21:11:30,337108,34.01866150,-118.44656372,56.40,18.53,210.31,34.53,6
21:11:30,337374,34.01866150,-118.44656372,56.60,18.87,218.20,34.53,6
21:11:30,337578,34.01866150,-118.44656372,56.60,0.00,-20.09,34.53,6
21:11:30,337778,34.01866150,-118.44656372,56.60,23.64,342.34,34.53,6
21:11:30,337978,34.01866150,-118.44656372,56.60,18.27,204.52,34.53,6
21:11:31,338184,34.01866150,-118.44656372,56.40,13.16,106.15,35.00,6
21:11:31,338385,34.01866150,-118.44656372,56.40,17.60,189.79,34.53,6
21:11:31,338586,34.01866150,-118.44656372,56.40,6.34,24.62,34.53,6
21:11:31,338788,34.01866150,-118.44656372,56.40,13.03,104.05,34.53,6
21:11:31,338992,34.01866150,-118.44656372,56.40,6.98,29.88,34.53,6
21:11:32,339212,34.01865768,-118.44656372,56.40,3.57,7.78,34.53,6
21:11:32,339412,34.01865768,-118.44656372,56.40,17.60,189.79,35.00,6
21:11:32,339616,34.01865768,-118.44656372,56.40,0.00,-22.73,35.00,6
21:11:32,339816,34.01865768,-118.44656372,56.40,0.00,-22.73,34.53,6
21:11:32,340022,34.01865768,-118.44656372,56.40,4.97,15.15,35.00,6
21:11:33,340241,34.01865768,-118.44657135,56.20,0.00,-5.37,34.53,6
21:11:33,340447,34.01865768,-118.44657135,56.20,0.00,-2.74,34.53,6
21:11:33,340650,34.01865768,-118.44657135,56.20,0.00,-3.79,34.53,6
21:11:33,340852,34.01865768,-118.44657135,56.20,13.07,104.58,34.53,6
21:11:34,341053,34.01865387,-118.44657135,56.20,0.00,-15.36,34.53,6
21:11:34,341261,34.01865387,-118.44657135,56.10,3.91,9.36,34.53,6
21:11:34,341465,34.01865387,-118.44657135,56.10,0.00,-2.74,34.53,6
21:11:34,341668,34.01865387,-118.44657135,56.10,0.00,-14.31,34.53,6
21:11:34,341870,34.01865387,-118.44657135,56.10,0.83,0.42,34.53,6
21:11:35,342073,34.01865387,-118.44657135,56.10,8.58,45.13,34.53,6
21:11:35,342275,34.01865387,-118.44657135,55.10,11.00,74.07,34.53,6
21:11:35,342476,34.01865387,-118.44657135,55.10,0.00,-20.09,35.00,6
21:11:35,342676,34.01865387,-118.44657135,55.10,0.00,-6.94,34.53,6
21:11:35,342876,34.01865387,-118.44657135,55.10,7.96,38.82,35.00,6
21:11:36,343076,34.01865387,-118.44657135,55.10,0.00,-23.78,34.53,6
21:11:36,343291,34.01865387,-118.44657135,55.30,0.00,-30.09,34.53,6
21:11:36,343493,34.01865387,-118.44657135,55.30,2.90,5.15,35.00,6
21:11:36,343696,34.01865387,-118.44657135,55.30,4.23,10.94,34.53,6
21:11:36,343898,34.01865387,-118.44657135,55.30,0.00,-5.37,34.53,6
21:11:37,344100,34.01865387,-118.44657135,55.30,8.43,43.56,34.53,6
21:11:37,344308,34.01865387,-118.44657135,54.80,3.18,6.21,35.00,6
21:11:37,344511,34.01865387,-118.44657135,54.80,0.00,-15.36,34.53,6
21:11:37,344714,34.01865387,-118.44657135,54.80,0.00,-13.78,34.53,6
21:11:37,344915,34.01865387,-118.44657135,54.80,0.00,-25.88,35.00,6
21:11:38,345119,34.01865387,-118.44657135,54.80,0.00,-24.30,35.00,6
21:11:38,345319,34.01865387,-118.44657135,54.90,5.85,20.94,34.53,6
21:11:38,345521,34.01865387,-118.44657135,54.90,5.47,18.31,35.00,6
21:11:38,345721,34.01865387,-118.44657135,54.90,2.03,2.52,34.53,6
21:11:38,345925,34.01865387,-118.44657135,54.90,0.00,-6.94,35.00,6
21:11:39,346133,34.01865387,-118.44657135,54.90,0.00,-15.36,34.53,6
21:11:39,346346,34.01865387,-118.44657135,54.50,0.00,-19.57,35.00,6
21:11:39,346546,34.01865387,-118.44657135,54.50,0.00,-8.52,35.00,6
21:11:39,346746,34.01865387,-118.44657135,54.50,0.00,-16.41,35.00,6
21:11:39,346949,34.01865387,-118.44657135,54.50,0.00,-16.41,35.00,6
21:11:40,347157,34.01865387,-118.44657135,54.10,0.00,-12.73,35.00,6
21:11:40,347359,34.01865387,-118.44657135,54.10,0.00,-10.10,35.00,6
21:11:40,347559,34.01865387,-118.44657135,54.10,0.00,-3.79,35.00,6
21:11:40,347762,34.01865387,-118.44657135,54.10,0.00,-11.15,35.00,6
21:11:40,347965,34.01865387,-118.44657135,54.10,0.00,-23.78,35.00,6
21:11:41,348190,34.01865387,-118.44657135,54.10,0.00,-6.94,35.00,6
21:11:41,348400,34.01865387,-118.44657135,54.10,0.00,-33.25,34.53,6
21:11:41,348602,34.01865387,-118.44657135,54.10,0.00,-16.41,35.00,6
21:11:41,348805,34.01865387,-118.44657135,54.10,0.00,-19.57,35.00,6
21:11:41,349010,34.01865387,-118.44657135,54.10,0.00,-10.10,34.53,6
21:11:42,349229,34.01865387,-118.44657135,54.00,0.00,-2.74,35.00,6
21:11:42,349449,34.01865387,-118.44657135,54.00,0.00,-13.78,35.00,6
21:11:42,349652,34.01865387,-118.44657135,54.00,0.00,-19.57,35.00,6
21:11:42,349852,34.01865387,-118.44657135,54.00,0.00,-2.74,34.53,6
21:11:43,350057,34.01865387,-118.44657135,54.00,0.00,-15.36,35.00,6
21:11:43,350269,34.01865387,-118.44657135,54.30,0.00,-3.79,34.53,6
21:11:43,350476,34.01865387,-118.44657135,54.30,4.80,14.10,34.53,6
21:11:43,350678,34.01865387,-118.44657135,54.30,0.00,-37.45,35.00,6
21:11:43,350882,34.01865387,-118.44657135,54.30,0.00,-0.63,34.53,6
21:11:44,351083,34.01865387,-118.44657135,54.30,0.00,-17.46,35.00,6
21:11:44,351294,34.01865387,-118.44657135,54.30,0.00,-13.78,35.00,6
21:11:44,351495,34.01865387,-118.44657135,54.30,0.00,-22.20,35.00,6
21:11:44,351695,34.01865387,-118.44657135,54.30,0.00,-32.72,34.53,6
21:11:44,351897,34.01865387,-118.44657135,54.30,0.00,-0.63,34.53,6
21:11:45,352103,34.01865387,-118.44657135,54.30,0.00,-14.31,35.00,6
21:11:45,352317,34.01865387,-118.44657135,54.40,5.85,20.94,34.53,6
21:11:45,352519,34.01865387,-118.44657135,54.40,0.00,-24.30,35.00,6
21:11:45,352723,34.01865387,-118.44657135,54.40,0.00,-2.21,35.00,6
21:11:45,352924,34.01865387,-118.44657135,54.40,0.00,-2.21,35.00,6
21:11:46,353127,34.01865387,-118.44657135,54.40,4.23,10.94,35.00,6
21:11:46,353338,34.01865387,-118.44657135,54.00,0.00,-25.36,34.53,6
21:11:46,353542,34.01865387,-118.44657135,54.00,1.81,2.00,34.53,6
21:11:46,353743,34.01865387,-118.44657135,54.00,0.00,-19.57,35.00,6
21:11:46,353946,34.01865387,-118.44657135,54.00,4.02,9.89,35.00,6
21:11:47,354162,34.01865387,-118.44657135,53.80,0.00,-26.93,35.00,6
21:11:47,354367,34.01865387,-118.44657135,53.80,0.00,-10.10,35.00,6
21:11:47,354567,34.01865387,-118.44657135,53.80,0.00,-14.31,35.00,6
21:11:47,354767,34.01865387,-118.44657135,53.80,0.00,-1.16,35.00,6
21:11:47,354975,34.01865387,-118.44657135,53.80,8.48,44.08,34.53,6
21:11:48,355190,34.01865387,-118.44657135,53.70,0.00,-5.37,35.00,6
21:11:48,355416,34.01865387,-118.44657135,53.70,7.69,36.19,35.00,6
21:11:48,355619,34.01865387,-118.44657135,53.70,1.81,2.00,35.00,6
21:11:48,355822,34.01865387,-118.44657135,53.70,0.00,-20.09,35.00,6
21:11:48,356025,34.01865387,-118.44657135,53.70,0.00,-15.36,34.53,6
21:11:49,356242,34.01865387,-118.44657135,53.40,4.52,12.52,35.00,6
21:11:49,356453,34.01865387,-118.44657135,53.40,0.00,-24.30,35.00,6
21:11:49,356656,34.01865387,-118.44657135,53.40,0.00,-16.41,35.00,6
21:11:49,356859,34.01865387,-118.44657135,53.40,0.00,-4.84,35.00,6
21:11:50,357065,34.01865387,-118.44657135,53.40,0.00,-12.73,34.53,6
21:11:50,357280,34.01865387,-118.44657135,53.30,0.00,-8.52,35.00,6
21:11:50,357486,34.01865387,-118.44657135,53.30,0.00,-21.15,35.00,6
21:11:50,357689,34.01865387,-118.44657135,53.30,0.00,-65.86,34.53,6
21:11:50,357891,34.01865387,-118.44657135,53.30,9.30,53.02,35.00,6
21:11:51,358098,34.01865768,-118.44657898,53.30,3.57,7.78,35.00,6
21:11:51,358308,34.01865768,-118.44657898,52.90,2.75,4.63,35.00,6
21:11:51,358511,34.01865768,-118.44657898,52.90,8.73,46.71,35.00,6
21:11:51,358713,34.01865768,-118.44657898,52.90,6.34,24.62,35.00,6
21:11:51,358915,34.01865768,-118.44657898,52.90,13.16,106.15,35.00,6
21:11:52,359120,34.01866531,-118.44658661,52.90,11.90,86.69,35.00,6
21:11:52,359331,34.01866531,-118.44658661,52.80,9.93,60.39,35.00,6
21:11:52,359532,34.01866531,-118.44658661,52.80,20.02,245.55,35.00,6
21:11:52,359735,34.01866531,-118.44658661,52.80,6.98,29.88,35.00,6
21:11:52,359937,34.01866531,-118.44658661,52.80,0.00,-57.97,35.00,6
21:11:53,360140,34.01867676,-118.44660187,52.80,27.92,477.54,34.53,6
21:11:53,360352,34.01867676,-118.44660187,52.40,19.63,236.08,34.53,6
21:11:53,360563,34.01867676,-118.44660187,52.40,9.67,57.23,35.00,6
21:11:53,360765,34.01867676,-118.44660187,52.40,13.03,104.05,35.00,6
21:11:53,360969,34.01867676,-118.44660187,52.40,11.90,86.69,34.53,6
21:11:54,361188,34.01869202,-118.44662476,52.20,10.96,73.54,35.00,6
21:11:54,361403,34.01869202,-118.44662476,52.20,10.27,64.60,35.00,6
21:11:54,361605,34.01869202,-118.44662476,52.20,22.12,299.74,35.00,6
21:11:54,361807,34.01869202,-118.44662476,52.20,10.39,66.17,35.00,6
21:11:54,362014,34.01869202,-118.44662476,52.20,20.43,255.55,35.00,6
21:11:55,362230,34.01871109,-118.44664764,51.80,9.80,58.81,35.00,6
21:11:55,362442,34.01871109,-118.44664764,51.80,12.53,96.16,35.00,6
21:11:55,362642,34.01871109,-118.44664764,51.80,10.48,67.23,35.00,6
21:11:55,362846,34.01871109,-118.44664764,51.80,7.80,37.24,35.00,6
21:11:56,363056,34.01873016,-118.44667053,51.80,0.00,-4.84,35.00,6
21:11:56,363271,34.01873016,-118.44667053,51.70,10.19,63.54,35.00,6
21:11:56,363482,34.01873016,-118.44667053,51.70,9.30,53.02,35.00,6
21:11:56,363683,34.01873016,-118.44667053,51.70,18.58,211.36,35.00,6
21:11:56,363886,34.01873016,-118.44667053,51.70,12.50,95.63,35.00,6
21:11:57,364086,34.01875305,-118.44670105,51.70,18.87,218.20,35.00,6
21:11:57,364301,34.01875305,-118.44670105,51.70,9.93,60.39,35.00,6
21:11:57,364506,34.01875305,-118.44670105,51.70,18.20,202.94,35.00,6
21:11:57,364708,34.01875305,-118.44670105,51.70,2.75,4.63,35.00,6
21:11:57,364910,34.01875305,-118.44670105,51.70,8.12,40.40,35.00,6
21:11:58,365116,34.01877594,-118.44673157,51.70,4.97,15.15,35.00,6
21:11:58,365326,34.01877594,-118.44673157,51.40,13.86,117.73,35.00,6
21:11:58,365530,34.01877594,-118.44673157,51.40,8.28,41.98,35.00,6
21:11:58,365730,34.01877594,-118.44673157,51.40,15.80,152.97,35.00,6
21:11:58,365934,34.01877594,-118.44673157,51.40,13.23,107.21,35.00,6
21:11:59,366139,34.01879883,-118.44676208,51.40,2.42,3.58,35.00,6
21:11:59,366353,34.01879883,-118.44676208,51.50,8.63,45.66,35.00,6
21:11:59,366555,34.01879883,-118.44676208,51.50,15.58,148.76,35.00,6
21:11:59,366755,34.01879883,-118.44676208,51.50,12.77,99.84,35.00,6
21:11:59,366958,34.01879883,-118.44676208,51.50,4.97,15.15,35.00,6
21:12:00,367166,34.01882172,-118.44679260,51.50,17.11,179.27,35.00,6
21:12:00,367379,34.01882172,-118.44679260,51.70,8.63,45.66,35.00,6
21:12:00,367580,34.01882172,-118.44679260,51.70,7.96,38.82,35.00,6
21:12:00,367782,34.01882172,-118.44679260,51.70,6.80,28.30,35.00,6
21:12:00,367986,34.01882172,-118.44679260,51.70,0.00,-0.63,35.00,6
21:12:01,368217,34.01884460,-118.44681549,51.20,10.14,63.02,34.53,6
21:12:01,368422,34.01884460,-118.44681549,51.20,13.13,105.63,35.00,6
21:12:01,368625,34.01884460,-118.44681549,51.20,6.06,22.51,35.00,6
21:12:01,368826,34.01884460,-118.44681549,51.20,14.02,120.36,35.00,6
21:12:01,369033,34.01884460,-118.44681549,51.20,7.52,34.61,35.00,6
21:12:02,369248,34.01885986,-118.44683838,50.60,7.80,37.24,35.00,6
21:12:02,369461,34.01885986,-118.44683838,50.60,10.88,72.49,35.00,6
21:12:02,369662,34.01885986,-118.44683838,50.60,7.40,33.56,35.00,6
21:12:02,369865,34.01885986,-118.44683838,50.60,14.53,129.30,35.00,6
21:12:03,370069,34.01887512,-118.44686127,50.60,5.31,17.25,35.00,6
21:12:03,370280,34.01887512,-118.44686127,50.40,2.42,3.58,35.00,6
21:12:03,370495,34.01887512,-118.44686127,50.40,11.38,79.33,35.00,6
21:12:03,370697,34.01887512,-118.44686127,50.40,12.77,99.84,35.00,6
21:12:03,370900,34.01887512,-118.44686127,50.40,0.00,-19.57,35.00,6
21:12:04,371104,34.01888275,-118.44687653,50.40,10.31,65.12,35.00,6
21:12:04,371317,34.01888275,-118.44687653,50.30,0.00,-3.79,35.00,6
21:12:04,371517,34.01888275,-118.44687653,50.30,6.98,29.88,35.00,6
21:12:04,371721,34.01888275,-118.44687653,50.30,8.43,43.56,35.00,6
21:12:04,371927,34.01888275,-118.44687653,50.30,13.16,106.15,35.00,6
21:12:05,372134,34.01889038,-118.44688416,50.30,4.23,10.94,35.00,6
21:12:05,372342,34.01889038,-118.44688416,50.20,12.43,94.58,35.47,6
21:12:05,372543,34.01889038,-118.44688416,50.20,8.43,43.56,35.00,6
21:12:05,372743,34.01889038,-118.44688416,50.20,0.00,-17.46,35.00,6
21:12:05,372943,34.01889038,-118.44688416,50.20,0.00,-45.87,35.00,6
21:12:06,373150,34.01889038,-118.44688416,50.20,5.47,18.31,35.47,6
21:12:06,373364,34.01889038,-118.44688416,49.80,15.08,139.29,35.00,6
21:12:06,373565,34.01889038,-118.44688416,49.80,6.06,22.51,35.00,6
21:12:06,373765,34.01889038,-118.44688416,49.80,13.13,105.63,35.00,6
21:12:06,373967,34.01889038,-118.44688416,49.80,4.80,14.10,35.00,6
21:12:07,374186,34.01889038,-118.44688416,49.50,8.28,41.98,35.00,6
21:12:07,374391,34.01889038,-118.44688416,49.50,0.00,-34.30,35.00,6
21:12:07,374594,34.01889038,-118.44688416,49.50,7.17,31.46,35.00,6
21:12:07,374795,34.01889038,-118.44688416,49.50,7.80,37.24,35.00,6
21:12:07,374995,34.01889038,-118.44688416,49.50,0.00,-33.25,35.00,6
21:12:08,375214,34.01889038,-118.44689178,50.00,0.00,-23.78,35.00,6
21:12:08,375423,34.01889038,-118.44689178,50.00,6.67,27.25,35.00,6
21:12:08,375624,34.01889038,-118.44689178,50.00,8.93,48.82,35.00,6
21:12:08,375825,34.01889038,-118.44689178,50.00,3.18,6.21,35.00,6
21:12:08,376031,34.01889038,-118.44689178,50.00,13.74,115.62,35.00,6
21:12:09,376245,34.01889038,-118.44689178,50.30,6.98,29.88,35.00,6
21:12:09,376459,34.01889038,-118.44689178,50.30,0.00,-9.57,35.00,6
21:12:09,376661,34.01889038,-118.44689178,50.30,0.00,-4.84,35.00,6
21:12:09,376861,34.01889038,-118.44689178,50.30,7.40,33.56,35.00,6
21:12:10,377066,34.01889038,-118.44689178,50.30,7.52,34.61,35.00,6
21:12:10,377283,34.01889038,-118.44689178,50.70,0.00,-40.08,35.00,6
21:12:10,377486,34.01889038,-118.44689178,50.70,11.27,77.75,35.00,6
21:12:10,377686,34.01889038,-118.44689178,50.70,13.61,113.52,35.00,6
21:12:10,377889,34.01889038,-118.44689178,50.70,11.42,79.85,37.34,6
21:12:11,378092,34.01889038,-118.44689178,50.70,9.67,57.23,35.00,6
21:12:11,378305,34.01889038,-118.44689178,50.60,7.40,33.56,35.00,6
21:12:11,378505,34.01889038,-118.44689178,50.60,2.03,2.52,35.00,6
21:12:11,378708,34.01889038,-118.44689178,50.60,0.00,-12.20,35.47,6
21:12:11,378910,34.01889038,-118.44689178,50.60,0.00,-21.15,35.00,6
21:12:12,379114,34.01889038,-118.44689178,50.60,5.85,20.94,35.00,6
21:12:12,379322,34.01889038,-118.44689178,50.00,2.42,3.58,35.47,6
21:12:12,379530,34.01889038,-118.44689178,50.00,8.12,40.40,35.00,6
21:12:12,379731,34.01889038,-118.44689178,50.00,3.57,7.78,35.00,6
21:12:12,379934,34.01889038,-118.44689178,50.00,4.97,15.15,35.47,6
21:12:13,380138,34.01888657,-118.44689178,50.00,5.31,17.25,35.00,6
21:12:13,380353,34.01888657,-118.44689178,49.60,10.14,63.02,35.00,6
21:12:13,380556,34.01888657,-118.44689178,49.60,2.90,5.15,35.00,6
21:12:13,380759,34.01888657,-118.44689178,49.60,12.67,98.26,35.00,6
21:12:13,380960,34.01888657,-118.44689178,49.60,9.67,57.23,35.00,6
21:12:14,381173,34.01888657,-118.44689178,49.30,10.19,63.54,35.47,6
21:12:14,381382,34.01888657,-118.44689178,49.30,6.80,28.30,35.00,6
21:12:14,381583,34.01888657,-118.44689178,49.30,0.00,-8.52,35.00,6
21:12:14,381787,34.01888657,-118.44689178,49.30,0.00,-32.72,35.00,6
21:12:14,381990,34.01888657,-118.44689178,49.30,0.00,-0.63,35.00,6
21:12:15,382210,34.01888657,-118.44689178,49.30,0.00,-22.20,35.00,6
21:12:15,382430,34.01888657,-118.44689178,49.30,8.63,45.66,35.00,6
21:12:15,382634,34.01888657,-118.44689178,49.30,0.00,-6.42,35.00,6
21:12:15,382835,34.01888657,-118.44689178,49.30,0.83,0.42,35.47,6
21:12:16,383045,34.01888657,-118.44689178,49.30,7.63,35.66,35.47,6
21:12:16,383254,34.01888657,-118.44689178,48.50,9.89,59.86,35.47,6
21:12:16,383467,34.01888657,-118.44689178,48.50,4.52,12.52,35.00,6
21:12:16,383669,34.01888657,-118.44689178,48.50,0.00,-11.15,35.00,6
21:12:16,383869,34.01888657,-118.44689178,48.50,0.00,-6.94,35.47,6
21:12:17,384069,34.01888657,-118.44689178,48.50,0.00,-2.74,35.47,6
21:12:17,384283,34.01888657,-118.44689178,48.10,8.17,40.93,35.47,6
21:12:17,384483,34.01888657,-118.44689178,48.10,2.90,5.15,35.00,6
21:12:17,384686,34.01888657,-118.44689178,48.10,0.00,-17.46,35.47,6
21:12:17,384889,34.01888657,-118.44689178,48.10,0.00,-24.30,35.00,6
21:12:18,385090,34.01888657,-118.44689178,48.10,10.72,70.38,35.47,6
21:12:18,385304,34.01888657,-118.44689178,48.20,0.00,-4.84,35.00,6
21:12:18,385538,34.01888657,-118.44689178,48.20,4.43,11.99,35.00,6
21:12:18,385741,34.01888657,-118.44689178,48.20,10.31,65.12,35.00,6
21:12:18,385943,34.01888657,-118.44689178,48.20,6.86,28.83,35.47,6
21:12:19,386147,34.01888657,-118.44689178,48.20,1.81,2.00,35.47,6
21:12:19,386358,34.01888657,-118.44689178,47.30,7.80,37.24,35.47,6
21:12:19,386562,34.01888657,-118.44689178,47.30,8.01,39.35,35.47,6
21:12:19,386766,34.01888657,-118.44689178,47.30,8.48,44.08,35.47,6
21:12:19,386980,34.01888657,-118.44689178,47.30,4.23,10.94,35.00,6
21:12:20,387214,34.01888657,-118.44689178,47.20,6.80,28.30,35.47,6
21:12:20,387427,34.01888657,-118.44689178,47.20,8.12,40.40,35.00,6
21:12:20,387630,34.01888657,-118.44689178,47.20,2.90,5.15,35.00,6
21:12:20,387833,34.01888657,-118.44689178,47.20,10.60,68.80,35.47,6
21:12:20,388038,34.01888657,-118.44689178,47.20,10.39,66.17,35.47,6
21:12:21,388258,34.01888657,-118.44688416,46.60,6.67,27.25,35.00,6
21:12:21,388468,34.01888657,-118.44688416,46.60,4.02,9.89,35.00,6
21:12:21,388671,34.01888657,-118.44688416,46.60,12.11,89.85,35.00,6
21:12:21,388875,34.01888657,-118.44688416,46.60,14.02,120.36,35.00,6
21:12:22,389079,34.01888657,-118.44689178,46.60,0.00,-25.88,35.47,6
21:12:22,389292,34.01888657,-118.44689178,47.30,0.00,-9.57,35.47,6
21:12:22,389492,34.01888657,-118.44689178,47.30,7.96,38.82,35.47,6
21:12:22,389692,34.01888657,-118.44689178,47.30,13.58,112.99,35.00,6
21:12:22,389892,34.01888657,-118.44689178,47.30,0.00,-40.08,35.00,6
21:12:23,390093,34.01889038,-118.44688416,47.30,6.54,26.20,35.47,6
21:12:23,390316,34.01889038,-118.44688416,46.80,8.17,40.93,35.00,6
21:12:23,390518,34.01889038,-118.44688416,46.80,0.00,-3.79,35.47,6
21:12:23,390720,34.01889038,-118.44688416,46.80,5.31,17.25,35.47,6
21:12:23,390920,34.01889038,-118.44688416,46.80,0.00,-12.20,35.00,6
21:12:24,391126,34.01888657,-118.44688416,46.80,7.05,30.40,35.47,6
21:12:24,391339,34.01888657,-118.44688416,46.50,0.00,-31.14,35.47,6
21:12:24,391543,34.01888657,-118.44688416,46.50,8.63,45.66,35.47,6
21:12:24,391744,34.01888657,-118.44688416,46.50,10.64,69.33,35.47,6
21:12:24,391947,34.01888657,-118.44688416,46.50,2.90,5.15,35.47,6
21:12:25,392154,34.01889038,-118.44689178,46.50,15.42,145.61,35.47,6
21:12:25,392366,34.01889038,-118.44689178,46.20,8.43,43.56,35.00,6
21:12:25,392567,34.01889038,-118.44689178,46.20,17.11,179.27,35.47,6
21:12:25,392771,34.01889038,-118.44689178,46.20,20.07,246.61,35.47,6
21:12:25,392973,34.01889038,-118.44689178,46.20,11.15,76.17,35.47,6
21:12:26,393204,34.01889038,-118.44688416,47.40,10.88,72.49,35.47,6
21:12:26,393426,34.01889038,-118.44688416,47.40,20.32,252.92,35.47,6
21:12:26,393629,34.01889038,-118.44688416,47.40,7.23,31.98,35.47,6
21:12:26,393831,34.01889038,-118.44688416,47.40,8.43,43.56,35.47,6
21:12:26,394032,34.01889038,-118.44688416,47.40,0.00,-59.55,35.47,6
21:12:27,394247,34.01889420,-118.44689178,47.00,12.29,92.48,35.47,6
21:12:27,394460,34.01889420,-118.44689178,47.00,4.80,14.10,35.00,6
21:12:27,394661,34.01889420,-118.44689178,47.00,0.00,-22.20,35.47,6
21:12:27,394862,34.01889420,-118.44689178,47.00,8.88,48.29,35.00,6
21:12:28,395066,34.01890182,-118.44689941,47.00,14.85,135.09,35.47,6
21:12:28,395278,34.01890182,-118.44689941,47.50,12.18,90.90,35.47,6
21:12:28,395486,34.01890182,-118.44689941,47.50,0.00,-8.00,35.00,6
21:12:28,395689,34.01890182,-118.44689941,47.50,6.86,28.83,35.47,6
21:12:28,395893,34.01890182,-118.44689941,47.50,12.77,99.84,35.47,6
21:12:29,396106,34.01890945,-118.44691467,47.50,14.85,135.09,35.47,6
21:12:29,396325,34.01890945,-118.44691467,47.50,0.00,-0.63,35.00,6
21:12:29,396525,34.01890945,-118.44691467,47.50,12.32,93.00,35.47,6
21:12:29,396725,34.01890945,-118.44691467,47.50,9.16,51.45,35.47,6
21:12:29,396927,34.01890945,-118.44691467,47.50,5.23,16.73,35.47,6
21:12:30,397135,34.01892090,-118.44692993,47.50,7.96,38.82,35.47,6
21:12:30,397342,34.01892090,-118.44692993,47.40,0.00,-5.37,35.47,6
21:12:30,397544,34.01892090,-118.44692993,47.40,7.96,38.82,35.47,6
21:12:30,397744,34.01892090,-118.44692993,47.40,0.00,-26.93,35.00,6
21:12:30,397946,34.01892090,-118.44692993,47.40,0.00,-22.73,35.47,6
21:12:31,398202,34.01893616,-118.44694519,47.30,8.43,43.56,35.00,6
21:12:31,398426,34.01893616,-118.44694519,47.30,20.72,262.91,35.47,6
21:12:31,398629,34.01893616,-118.44694519,47.30,14.68,131.93,35.47,6
21:12:31,398830,34.01893616,-118.44694519,47.30,8.78,47.24,35.47,6
21:12:31,399035,34.01893616,-118.44694519,47.30,1.24,0.95,35.47,6
21:12:32,399266,34.01895142,-118.44696808,47.10,14.05,120.88,35.47,6
21:12:32,399478,34.01895142,-118.44696808,47.10,0.00,-9.57,35.00,6
21:12:32,399680,34.01895142,-118.44696808,47.10,0.00,-50.60,35.47,6
21:12:32,399881,34.01895142,-118.44696808,47.10,14.35,126.14,35.47,6
21:12:33,400088,34.01896667,-118.44699097,47.10,10.31,65.12,35.47,6
21:12:33,400302,34.01896667,-118.44699097,47.20,13.29,108.26,35.47,6
21:12:33,400504,34.01896667,-118.44699097,47.20,10.72,70.38,35.47,6
21:12:33,400706,34.01896667,-118.44699097,47.20,7.23,31.98,35.47,6
21:12:33,400910,34.01896667,-118.44699097,47.20,14.47,128.25,35.47,6
21:12:34,401112,34.01898956,-118.44701385,47.20,10.19,63.54,35.47,6
21:12:34,401334,34.01898956,-118.44701385,46.80,17.53,188.22,35.47,6
21:12:34,401535,34.01898956,-118.44701385,46.80,6.47,25.67,35.47,6
21:12:34,401739,34.01898956,-118.44701385,46.80,9.07,50.39,35.47,6
21:12:34,401940,34.01898956,-118.44701385,46.80,19.08,222.93,35.47,6
21:12:35,402141,34.01900864,-118.44703674,46.80,0.00,-3.79,35.47,6
21:12:35,402368,34.01900864,-118.44703674,45.70,11.15,76.17,35.47,6
21:12:35,402572,34.01900864,-118.44703674,45.70,13.52,111.94,35.47,6
21:12:35,402773,34.01900864,-118.44703674,45.70,12.70,98.79,35.47,6
21:12:35,402974,34.01900864,-118.44703674,45.70,9.07,50.39,35.47,6
21:12:36,403192,34.01903152,-118.44707489,46.20,13.29,108.26,35.47,6
21:12:36,403401,34.01903152,-118.44707489,46.20,14.02,120.36,35.47,6
21:12:36,403602,34.01903152,-118.44707489,46.20,15.88,154.55,35.47,6
21:12:36,403803,34.01903152,-118.44707489,46.20,7.52,34.61,35.47,6
21:12:36,404009,34.01903152,-118.44707489,46.20,0.00,-22.73,35.47,6
21:12:37,404228,34.01905441,-118.44710541,46.80,9.40,54.08,35.47,6
21:12:37,404447,34.01905441,-118.44710541,46.80,7.34,33.03,35.47,6
21:12:37,404649,34.01905441,-118.44710541,46.80,7.52,34.61,35.47,6
21:12:37,404850,34.01905441,-118.44710541,46.80,6.67,27.25,35.47,6
21:12:38,405052,34.01907730,-118.44714355,46.80,17.31,183.48,35.47,6
21:12:38,405275,34.01907730,-118.44714355,47.00,6.13,23.04,35.47,6
21:12:38,405487,34.01907730,-118.44714355,47.00,13.39,109.84,35.47,6
21:12:38,405688,34.01907730,-118.44714355,47.00,6.67,27.25,35.47,6
21:12:38,405888,34.01907730,-118.44714355,47.00,4.43,11.99,35.47,6
21:12:39,406088,34.01910400,-118.44718170,47.00,21.15,273.96,35.47,6
21:12:39,406302,34.01910400,-118.44718170,47.70,6.34,24.62,35.47,6
21:12:39,406506,34.01910400,-118.44718170,47.70,9.58,56.18,35.47,6
21:12:39,406706,34.01910400,-118.44718170,47.70,14.47,128.25,35.94,6
21:12:39,406908,34.01910400,-118.44718170,47.70,8.28,41.98,35.47,6
21:12:40,407110,34.01913071,-118.44721222,47.70,0.00,-5.37,35.47,6
21:12:40,407322,34.01913071,-118.44721222,47.70,12.04,88.79,35.47,6
21:12:40,407526,34.01913071,-118.44721222,47.70,7.23,31.98,35.47,6
21:12:40,407729,34.01913071,-118.44721222,47.70,2.90,5.15,35.47,6
21:12:40,407929,34.01913071,-118.44721222,47.70,0.00,-53.76,35.47,6
21:12:41,408137,34.01916122,-118.44725037,47.70,6.13,23.04,35.47,6
21:12:41,408356,34.01916122,-118.44725037,47.60,7.96,38.82,35.47,6
21:12:41,408558,34.01916122,-118.44725037,47.60,5.85,20.94,35.47,6
21:12:41,408760,34.01916122,-118.44725037,47.60,8.43,43.56,35.47,6
21:12:41,408964,34.01916122,-118.44725037,47.60,8.73,46.71,35.47,6
21:12:42,409191,34.01918411,-118.44728088,47.20,10.88,72.49,35.47,6
21:12:42,409398,34.01918411,-118.44728088,47.20,8.43,43.56,35.47,6
21:12:42,409599,34.01918411,-118.44728088,47.20,0.00,-2.21,35.47,6
21:12:42,409799,34.01918411,-118.44728088,47.20,5.06,15.68,35.47,6
21:12:42,410004,34.01918411,-118.44728088,47.20,22.18,301.31,36.41,6
21:12:43,410222,34.01919937,-118.44731140,47.10,9.26,52.50,35.47,6
21:12:43,410433,34.01919937,-118.44731140,47.10,23.77,346.03,35.47,6
21:12:43,410636,34.01919937,-118.44731140,47.10,11.53,81.43,35.47,6
21:12:43,410840,34.01919937,-118.44731140,47.10,14.11,121.93,35.47,6
21:12:43,411040,34.01919937,-118.44731140,47.10,15.58,148.76,35.47,6
21:12:44,411271,34.01920319,-118.44734192,47.10,13.33,108.78,35.47,6
21:12:44,411482,34.01920319,-118.44734192,47.10,14.62,130.88,35.47,6
21:12:44,411684,34.01920319,-118.44734192,47.10,16.60,168.75,35.47,6
21:12:44,411888,34.01920319,-118.44734192,47.10,11.00,74.07,35.47,6
21:12:45,412091,34.01919174,-118.44736481,47.10,9.89,59.86,35.47,6
21:12:45,412314,34.01919174,-118.44736481,47.40,10.27,64.60,35.47,6
21:12:45,412517,34.01919174,-118.44736481,47.40,11.72,84.06,35.47,6
21:12:45,412720,34.01919174,-118.44736481,47.40,9.67,57.23,35.47,6
21:12:45,412923,34.01919174,-118.44736481,47.40,9.89,59.86,35.47,6
21:12:46,413125,34.01918030,-118.44738770,47.40,11.19,76.70,35.47,6
21:12:46,413339,34.01918030,-118.44738770,48.00,9.02,49.87,35.47,6
21:12:46,413543,34.01918030,-118.44738770,48.00,8.28,41.98,35.47,6
21:12:46,413745,34.01918030,-118.44738770,48.00,12.60,97.21,35.47,6
21:12:46,413949,34.01918030,-118.44738770,48.00,0.00,-40.08,35.47,6
21:12:47,414150,34.01917267,-118.44740295,48.00,4.43,11.99,35.47,6
21:12:47,414375,34.01917267,-118.44740295,48.90,17.18,180.85,35.47,6
21:12:47,414577,34.01917267,-118.44740295,48.90,8.88,48.29,35.47,6
21:12:47,414777,34.01917267,-118.44740295,48.90,1.81,2.00,35.47,6
21:12:47,414983,34.01917267,-118.44740295,48.90,9.58,56.18,35.47,6
21:12:48,415202,34.01916885,-118.44741058,48.80,8.48,44.08,35.00,6
21:12:48,415422,34.01916885,-118.44741058,48.80,13.42,110.36,35.94,6
21:12:48,415624,34.01916885,-118.44741058,48.80,10.27,64.60,35.47,6
21:12:48,415824,34.01916885,-118.44741058,48.80,6.34,24.62,35.47,6
21:12:48,416031,34.01916885,-118.44741058,48.80,14.20,123.51,35.47,6
21:12:49,416245,34.01916504,-118.44741058,47.70,15.47,146.66,35.47,6
21:12:49,416460,34.01916504,-118.44741058,47.70,8.43,43.56,35.47,6
21:12:49,416661,34.01916504,-118.44741058,47.70,10.06,61.97,35.94,6
21:12:49,416863,34.01916504,-118.44741058,47.70,8.48,44.08,35.47,6
21:12:50,417065,34.01916885,-118.44741058,47.70,17.68,191.37,35.94,6
21:12:50,417280,34.01916885,-118.44741058,47.80,6.67,27.25,35.94,6
21:12:50,417487,34.01916885,-118.44741058,47.80,19.79,239.77,35.47,6
21:12:50,417691,34.01916885,-118.44741058,47.80,19.70,237.66,35.94,6
21:12:50,417894,34.01916885,-118.44741058,47.80,18.94,219.78,35.94,6
21:12:51,418102,34.01916504,-118.44741058,47.80,12.77,99.84,35.47,6
21:12:51,418314,34.01916504,-118.44741058,48.30,15.80,152.97,35.94,6
21:12:51,418514,34.01916504,-118.44741058,48.30,25.81,408.10,35.94,6
21:12:51,418714,34.01916504,-118.44741058,48.30,20.09,247.13,35.47,6
21:12:51,418918,34.01916504,-118.44741058,48.30,17.46,186.64,35.47,6
21:12:52,419120,34.01916504,-118.44741058,48.30,24.78,376.01,35.47,6
21:12:52,419329,34.01916504,-118.44741058,48.10,19.70,237.66,39.68,6
21:12:52,419530,34.01916504,-118.44741058,48.10,12.04,88.79,35.47,6
21:12:52,419732,34.01916504,-118.44741058,48.10,28.85,509.62,35.94,6
21:12:52,419934,34.01916504,-118.44741058,48.10,25.24,390.21,35.47,6
21:12:53,420137,34.01916885,-118.44741058,48.10,25.99,413.89,35.94,6
21:12:53,420350,34.01916885,-118.44741058,48.40,20.24,250.81,35.94,6
21:12:53,420550,34.01916885,-118.44741058,48.40,27.52,463.86,35.94,6
21:12:53,420754,34.01916885,-118.44741058,48.40,17.03,177.69,35.94,6
21:12:53,420954,34.01916885,-118.44741058,48.40,27.61,467.01,35.94,6
21:12:54,421162,34.01916122,-118.44741821,48.40,24.48,367.07,35.94,6
21:12:54,421376,34.01916122,-118.44741821,48.40,25.61,401.79,35.94,6
21:12:54,421579,34.01916122,-118.44741821,48.40,30.59,573.27,35.47,6
21:12:54,421779,34.01916122,-118.44741821,48.40,15.97,156.13,35.94,6
21:12:54,421981,34.01916122,-118.44741821,48.40,31.98,626.40,35.94,6
21:12:55,422204,34.01914978,-118.44743347,48.30,28.35,492.26,35.94,7
21:12:55,422410,34.01914978,-118.44743347,48.30,30.11,555.39,35.47,7
21:12:55,422614,34.01914978,-118.44743347,48.30,21.79,290.79,35.94,7
21:12:55,422817,34.01914978,-118.44743347,48.30,23.98,352.34,35.94,7
21:12:55,423024,34.01914978,-118.44743347,48.30,27.05,448.08,35.94,7
21:12:56,423251,34.01912308,-118.44746399,48.20,29.84,545.39,35.94,7
21:12:56,423463,34.01912308,-118.44746399,48.20,27.97,479.11,35.94,7
21:12:56,423664,34.01912308,-118.44746399,48.20,27.69,469.64,35.94,7
21:12:56,423865,34.01912308,-118.44746399,48.20,23.59,340.77,35.94,7
21:12:57,424067,34.01908493,-118.44750977,48.20,30.44,567.49,35.94,7
21:12:57,424283,34.01908493,-118.44750977,48.40,24.53,368.65,35.94,6
21:12:57,424492,34.01908493,-118.44750977,48.40,19.19,225.56,35.94,6
21:12:57,424692,34.01908493,-118.44750977,48.40,30.55,571.70,35.94,6
21:12:57,424896,34.01908493,-118.44750977,48.40,27.74,471.22,35.94,6
21:12:58,425100,34.01903152,-118.44757843,48.40,25.12,386.53,35.94,6
21:12:58,425314,34.01903152,-118.44757843,48.60,20.13,248.18,35.94,6
21:12:58,425526,34.01903152,-118.44757843,48.60,20.13,248.18,35.94,6
21:12:58,425729,34.01903152,-118.44757843,48.60,29.35,527.51,35.94,6
21:12:58,425929,34.01903152,-118.44757843,48.60,25.38,394.42,35.94,6
21:12:59,426137,34.01896667,-118.44765472,48.60,33.88,703.21,35.94,6
21:12:59,426346,34.01896667,-118.44765472,48.20,31.95,625.35,35.94,6
21:12:59,426551,34.01896667,-118.44765472,48.20,29.26,524.35,35.94,6
21:12:59,426752,34.01896667,-118.44765472,48.20,26.47,429.14,35.94,6
21:12:59,426953,34.01896667,-118.44765472,48.20,23.89,349.71,35.94,6
21:13:00,427154,34.01889038,-118.44774628,48.20,32.78,657.97,35.94,6
21:13:00,427367,34.01889038,-118.44774628,48.00,36.61,821.04,35.94,6
21:13:00,427569,34.01889038,-118.44774628,48.00,28.21,487.53,35.94,6
21:13:00,427772,34.01889038,-118.44774628,48.00,25.80,407.57,35.94,6
21:13:00,427976,34.01889038,-118.44774628,48.00,29.35,527.51,35.94,6
21:13:01,428197,34.01879883,-118.44785309,47.80,34.50,728.98,35.94,6
21:13:01,428413,34.01879883,-118.44785309,47.80,27.32,457.02,35.94,6
21:13:01,428616,34.01879883,-118.44785309,47.80,32.93,664.28,36.41,6
21:13:01,428817,34.01879883,-118.44785309,47.80,27.24,454.39,36.41,6
21:13:01,429020,34.01879883,-118.44785309,47.80,28.27,489.63,36.41,6
21:13:02,429251,34.01869965,-118.44797516,47.20,20.36,253.97,35.94,7
21:13:02,429458,34.01869965,-118.44797516,47.20,23.26,331.30,35.94,7
21:13:02,429662,34.01869965,-118.44797516,47.20,25.04,383.90,35.94,7
21:13:02,429862,34.01869965,-118.44797516,47.20,29.93,548.55,35.94,7
21:13:03,430069,34.01858521,-118.44810486,47.20,31.36,602.21,35.94,7
21:13:03,430280,34.01858521,-118.44810486,47.00,31.37,602.73,35.94,7
21:13:03,430493,34.01858521,-118.44810486,47.00,27.57,465.44,35.94,7
21:13:03,430693,34.01858521,-118.44810486,47.00,35.76,783.16,36.41,7
21:13:03,430895,34.01858521,-118.44810486,47.00,20.32,252.92,36.41,7
21:13:04,431103,34.01845551,-118.44824982,47.00,35.94,791.05,35.94,7
21:13:04,431317,34.01845551,-118.44824982,46.50,29.87,546.45,36.41,7
21:13:04,431541,34.01845551,-118.44824982,46.50,38.70,917.30,36.41,7
21:13:04,431744,34.01845551,-118.44824982,46.50,25.66,403.36,36.41,7
21:13:04,431947,34.01845551,-118.44824982,46.50,30.89,584.32,36.41,7
21:13:05,432155,34.01831818,-118.44841003,46.50,28.00,480.17,36.41,7
21:13:05,432380,34.01831818,-118.44841003,46.20,29.54,534.35,36.41,7
21:13:05,432584,34.01831818,-118.44841003,46.20,19.65,236.61,36.41,7
21:13:05,432787,34.01831818,-118.44841003,46.20,32.63,652.18,36.41,7
21:13:05,432998,34.01831818,-118.44841003,46.20,25.51,398.63,36.41,7
21:13:06,433219,34.01817322,-118.44857788,45.70,32.47,645.87,36.41,7
21:13:06,433425,34.01817322,-118.44857788,45.70,28.61,501.21,36.41,7
21:13:06,433628,34.01817322,-118.44857788,45.70,30.90,584.85,36.41,7
21:13:06,433828,34.01817322,-118.44857788,45.70,32.74,656.39,36.41,7
21:13:06,434030,34.01817322,-118.44857788,45.70,31.23,597.47,36.41,7
21:13:07,434247,34.01801682,-118.44876862,45.50,17.77,193.48,36.41,7
21:13:07,434461,34.01801682,-118.44876862,45.50,25.71,404.94,35.94,7
21:13:07,434661,34.01801682,-118.44876862,45.50,33.37,682.16,36.41,7
21:13:07,434863,34.01801682,-118.44876862,45.50,25.61,401.79,36.41,7
21:13:08,435067,34.01785278,-118.44896698,45.50,29.88,546.97,36.41,7
21:13:08,435339,34.01785278,-118.44896698,44.70,31.71,615.88,36.41,7
21:13:08,435553,34.01785278,-118.44896698,44.70,27.32,457.02,36.41,7
21:13:08,435757,34.01785278,-118.44896698,44.70,33.81,700.05,36.41,7
21:13:08,435957,34.01785278,-118.44896698,44.70,25.61,401.79,36.41,7
21:13:09,436174,34.01767349,-118.44917297,44.70,34.78,741.08,36.41,7
21:13:09,436387,34.01767349,-118.44917297,44.40,28.89,511.20,36.41,7
21:13:09,436591,34.01767349,-118.44917297,44.40,24.85,378.11,36.41,7
21:13:09,436795,34.01767349,-118.44917297,44.40,24.07,354.97,36.41,7
21:13:09,436996,34.01767349,-118.44917297,44.40,25.12,386.53,36.41,7
21:13:10,437218,34.01748657,-118.44939423,44.10,24.07,354.97,36.41,7
21:13:10,437423,34.01748657,-118.44939423,44.10,6.13,23.04,36.41,7
21:13:10,437627,34.01748657,-118.44939423,44.10,19.70,237.66,36.41,7
21:13:10,437830,34.01748657,-118.44939423,44.10,22.43,308.15,36.41,7
21:13:10,438030,34.01748657,-118.44939423,44.10,9.93,60.39,36.41,7
21:13:11,438247,34.01729965,-118.44960785,44.10,13.33,108.78,36.41,7
21:13:11,438469,34.01729965,-118.44960785,44.10,13.58,112.99,36.88,7
21:13:11,438669,34.01729965,-118.44960785,44.10,20.88,267.12,36.41,7
21:13:11,438872,34.01729965,-118.44960785,44.10,14.17,122.99,36.41,7
21:13:12,439073,34.01711655,-118.44982910,44.10,12.67,98.26,36.41,7
21:13:12,439300,34.01711655,-118.44982910,44.40,17.53,188.22,36.41,7
21:13:12,439511,34.01711655,-118.44982910,44.40,0.00,-26.93,36.88,7
21:13:12,439714,34.01711655,-118.44982910,44.40,21.31,278.17,36.41,7
21:13:12,439915,34.01711655,-118.44982910,44.40,18.53,210.31,36.41,7
21:13:13,440119,34.01693726,-118.45004272,44.40,17.58,189.27,36.41,7
21:13:13,440335,34.01693726,-118.45004272,44.00,14.44,127.72,36.41,7
21:13:13,440542,34.01693726,-118.45004272,44.00,19.63,236.08,36.88,7
21:13:13,440745,34.01693726,-118.45004272,44.00,18.39,207.15,36.88,7
21:13:13,440948,34.01693726,-118.45004272,44.00,15.58,148.76,36.41,7
21:13:14,441152,34.01676178,-118.45025635,44.00,18.13,201.37,36.41,7
21:13:14,441361,34.01676178,-118.45025635,44.10,18.60,211.89,36.41,7
21:13:14,441566,34.01676178,-118.45025635,44.10,17.68,191.37,37.34,7
21:13:14,441768,34.01676178,-118.45025635,44.10,15.08,139.29,36.88,7
21:13:14,441971,34.01676178,-118.45025635,44.10,18.94,219.78,36.41,7
21:13:15,442191,34.01659012,-118.45046234,43.70,14.88,135.61,36.88,7
21:13:15,442411,34.01659012,-118.45046234,43.70,15.86,154.02,36.88,7
21:13:15,442614,34.01659012,-118.45046234,43.70,15.36,144.55,37.34,7
21:13:15,442814,34.01659012,-118.45046234,43.70,14.62,130.88,36.88,7
21:13:15,443019,34.01659012,-118.45046234,43.70,15.94,155.60,36.88,7
21:13:16,443248,34.01641846,-118.45066071,43.50,14.20,123.51,36.88,7
21:13:16,443460,34.01641846,-118.45066071,43.50,15.88,154.55,37.34,7
21:13:16,443660,34.01641846,-118.45066071,43.50,15.56,148.24,36.41,7
21:13:16,443867,34.01641846,-118.45066071,43.50,16.31,162.97,37.34,7
21:13:17,444069,34.01625061,-118.45085144,43.50,11.90,86.69,37.34,7
21:13:17,444284,34.01625061,-118.45085144,43.00,0.00,-49.03,36.88,7
21:13:17,444492,34.01625061,-118.45085144,43.00,16.68,170.33,36.88,7
21:13:17,444696,34.01625061,-118.45085144,43.00,9.30,53.02,37.34,7
21:13:17,444900,34.01625061,-118.45085144,43.00,13.77,116.15,37.34,7
21:13:18,445101,34.01609039,-118.45104218,43.00,16.68,170.33,36.41,7
21:13:18,445315,34.01609039,-118.45104218,42.60,0.00,-10.10,36.41,7
21:13:18,445533,34.01609039,-118.45104218,42.60,5.06,15.68,37.34,7
21:13:18,445737,34.01609039,-118.45104218,42.60,14.76,133.51,37.34,7
21:13:18,445940,34.01609039,-118.45104218,42.60,8.43,43.56,37.34,7
21:13:19,446147,34.01593781,-118.45121765,42.60,0.00,-47.45,37.34,7
21:13:19,446367,34.01593781,-118.45121765,42.60,0.00,-43.24,37.34,8
21:13:19,446569,34.01593781,-118.45121765,42.60,13.29,108.26,37.34,8
21:13:19,446769,34.01593781,-118.45121765,42.60,6.98,29.88,37.34,8
21:13:19,446973,34.01593781,-118.45121765,42.60,14.97,137.19,37.34,8
21:13:20,447190,34.01579285,-118.45139313,42.70,18.92,219.25,37.34,8
21:13:20,447401,34.01579285,-118.45139313,42.70,17.72,192.42,37.34,8
21:13:20,447602,34.01579285,-118.45139313,42.70,6.67,27.25,37.34,8
21:13:20,447805,34.01579285,-118.45139313,42.70,15.72,151.39,37.34,8
21:13:20,448013,34.01579285,-118.45139313,42.70,8.01,39.35,37.34,8
21:13:21,448234,34.01565170,-118.45156097,42.50,16.75,171.91,37.34,8
21:13:21,448439,34.01565170,-118.45156097,42.50,22.37,306.57,37.34,8
21:13:21,448640,34.01565170,-118.45156097,42.50,14.88,135.61,37.34,8
21:13:21,448843,34.01565170,-118.45156097,42.50,11.38,79.33,37.34,8
21:13:21,449045,34.01565170,-118.45156097,42.50,11.68,83.53,37.34,8
21:13:22,449260,34.01550674,-118.45172119,42.50,9.89,59.86,37.34,7
21:13:22,449482,34.01550674,-118.45172119,42.50,17.99,198.21,37.34,7
21:13:22,449684,34.01550674,-118.45172119,42.50,19.79,239.77,37.34,7
21:13:22,449885,34.01550674,-118.45172119,42.50,28.27,489.63,37.34,7
21:13:23,450088,34.01536560,-118.45188904,42.50,19.10,223.46,37.34,7
21:13:23,450301,34.01536560,-118.45188904,42.50,14.79,134.03,37.34,7
21:13:23,450512,34.01536560,-118.45188904,42.50,22.33,305.52,37.34,7
21:13:23,450712,34.01536560,-118.45188904,42.50,20.68,261.86,37.81,7
21:13:23,450916,34.01536560,-118.45188904,42.50,19.32,228.72,37.34,7
21:13:24,451118,34.01522064,-118.45205688,42.50,11.00,74.07,38.28,7
21:13:24,451332,34.01522064,-118.45205688,42.40,11.90,86.69,37.34,7
21:13:24,451539,34.01522064,-118.45205688,42.40,12.60,97.21,37.34,7
21:13:24,451742,34.01522064,-118.45205688,42.40,13.29,108.26,37.34,7
21:13:24,451943,34.01522064,-118.45205688,42.40,13.16,106.15,37.34,7
21:13:25,452149,34.01507950,-118.45223236,42.40,0.00,-66.91,37.34,7
21:13:25,452357,34.01507950,-118.45223236,42.30,9.80,58.81,37.34,7
21:13:25,452566,34.01507950,-118.45223236,42.30,13.74,115.62,37.34,7
21:13:25,452766,34.01507950,-118.45223236,42.30,16.05,157.71,37.81,7
21:13:25,452966,34.01507950,-118.45223236,42.30,14.29,125.09,37.34,7
21:13:26,453194,34.01493835,-118.45240021,42.30,17.03,177.69,37.81,8
21:13:26,453402,34.01493835,-118.45240021,42.30,9.07,50.39,37.81,8
21:13:26,453603,34.01493835,-118.45240021,42.30,7.34,33.03,37.34,8
21:13:26,453806,34.01493835,-118.45240021,42.30,6.47,25.67,37.34,8
21:13:26,454008,34.01493835,-118.45240021,42.30,0.00,-9.57,37.34,8
21:13:27,454224,34.01479721,-118.45256805,42.30,0.00,-37.45,37.34,8
21:13:27,454433,34.01479721,-118.45256805,42.30,11.90,86.69,37.81,8
21:13:27,454636,34.01479721,-118.45256805,42.30,8.78,47.24,37.34,8
21:13:27,454836,34.01479721,-118.45256805,42.30,16.02,157.18,37.81,8
21:13:27,455040,34.01479721,-118.45256805,42.30,3.68,8.31,37.81,8
21:13:28,455261,34.01465607,-118.45272827,42.30,6.67,27.25,37.81,8
21:13:28,455467,34.01465607,-118.45272827,42.30,18.01,198.74,37.81,8
21:13:28,455669,34.01465607,-118.45272827,42.30,12.67,98.26,37.81,8
21:13:28,455873,34.01465607,-118.45272827,42.30,0.00,-6.94,37.81,8
21:13:29,456074,34.01451874,-118.45288849,42.30,7.23,31.98,37.81,8
21:13:29,456300,34.01451874,-118.45288849,42.20,9.58,56.18,37.81,8
21:13:29,456510,34.01451874,-118.45288849,42.20,14.68,131.93,37.81,8
21:13:29,456713,34.01451874,-118.45288849,42.20,18.25,204.00,37.81,8
21:13:29,456913,34.01451874,-118.45288849,42.20,11.00,74.07,37.81,8
21:13:30,457113,34.01438522,-118.45304108,42.20,14.47,128.25,37.81,8
21:13:30,457324,34.01438522,-118.45304108,41.90,9.02,49.87,37.81,8
21:13:30,457537,34.01438522,-118.45304108,41.90,13.77,116.15,37.81,8
21:13:30,457739,34.01438522,-118.45304108,41.90,4.02,9.89,37.81,8
21:13:30,457940,34.01438522,-118.45304108,41.90,13.29,108.26,37.81,8
21:13:31,458147,34.01425934,-118.45319366,41.90,12.11,89.85,37.81,8
21:13:31,458360,34.01425934,-118.45319366,41.60,11.82,85.64,37.81,8
21:13:31,458564,34.01425934,-118.45319366,41.60,5.06,15.68,37.81,8
21:13:31,458766,34.01425934,-118.45319366,41.60,3.91,9.36,37.81,8
21:13:31,458969,34.01425934,-118.45319366,41.60,11.90,86.69,37.81,8
21:13:32,459183,34.01413727,-118.45333862,41.40,10.14,63.02,37.81,8
21:13:32,459403,34.01413727,-118.45333862,41.40,11.53,81.43,37.81,8
21:13:32,459606,34.01413727,-118.45333862,41.40,10.64,69.33,37.81,8
21:13:32,459808,34.01413727,-118.45333862,41.40,0.00,-3.79,37.81,8
21:13:32,460011,34.01413727,-118.45333862,41.40,12.04,88.79,37.81,8
21:13:33,460287,34.01401901,-118.45348358,41.00,0.00,-56.92,37.81,8
21:13:33,460506,34.01401901,-118.45348358,41.00,12.11,89.85,37.81,8
21:13:33,460708,34.01401901,-118.45348358,41.00,12.04,88.79,37.81,8
21:13:33,460912,34.01401901,-118.45348358,41.00,12.22,91.42,37.81,8
21:13:34,461118,34.01390839,-118.45361328,41.00,8.78,47.24,37.81,8
21:13:34,461330,34.01390839,-118.45361328,40.70,9.26,52.50,37.81,8
21:13:34,461540,34.01390839,-118.45361328,40.70,11.00,74.07,37.81,8
21:13:34,461741,34.01390839,-118.45361328,40.70,1.24,0.95,37.81,8
21:13:34,461941,34.01390839,-118.45361328,40.70,4.43,11.99,37.81,8
21:13:35,462142,34.01379776,-118.45374298,40.70,10.06,61.97,37.81,8
21:13:35,462354,34.01379776,-118.45374298,40.50,8.17,40.93,38.28,8
21:13:35,462563,34.01379776,-118.45374298,40.50,8.01,39.35,37.81,8
21:13:35,462766,34.01379776,-118.45374298,40.50,2.42,3.58,37.81,8
21:13:35,462966,34.01379776,-118.45374298,40.50,0.00,-19.57,37.81,8
21:13:36,463177,34.01369476,-118.45386505,40.50,8.43,43.56,37.81,8
21:13:36,463386,34.01369476,-118.45386505,40.30,5.06,15.68,37.81,8
21:13:36,463586,34.01369476,-118.45386505,40.30,0.00,-24.30,37.81,8
21:13:36,463788,34.01369476,-118.45386505,40.30,1.81,2.00,37.81,8
21:13:36,463989,34.01369476,-118.45386505,40.30,0.00,-8.52,37.81,8
21:13:37,464207,34.01358795,-118.45398712,40.00,0.00,-43.24,37.81,9
21:13:37,464417,34.01358795,-118.45398712,40.00,11.82,85.64,37.81,9
21:13:37,464619,34.01358795,-118.45398712,40.00,5.70,19.88,37.81,9
21:13:37,464822,34.01358795,-118.45398712,40.00,8.63,45.66,38.28,9
21:13:37,465024,34.01358795,-118.45398712,40.00,0.00,-32.72,37.81,9
21:13:38,465243,34.01348877,-118.45410919,39.70,6.34,24.62,37.81,9
21:13:38,465449,34.01348877,-118.45410919,39.70,9.67,57.23,38.28,9
21:13:38,465650,34.01348877,-118.45410919,39.70,8.17,40.93,37.81,9
21:13:38,465853,34.01348877,-118.45410919,39.70,0.00,-64.28,38.75,9
21:13:39,466066,34.01338959,-118.45423126,39.70,10.27,64.60,38.28,9
21:13:39,466280,34.01338959,-118.45423126,39.70,0.00,-9.57,37.81,9
21:13:39,466486,34.01338959,-118.45423126,39.70,8.78,47.24,37.81,9
21:13:39,466687,34.01338959,-118.45423126,39.70,0.00,-2.74,38.28,9
21:13:39,466889,34.01338959,-118.45423126,39.70,0.00,-43.24,38.28,9
21:13:40,467091,34.01329041,-118.45435333,39.70,0.00,-94.79,38.28,9
21:13:40,467301,34.01329041,-118.45435333,39.30,11.15,76.17,38.28,9
21:13:40,467513,34.01329041,-118.45435333,39.30,8.43,43.56,38.28,9
21:13:40,467716,34.01329041,-118.45435333,39.30,0.00,-49.55,37.81,9
21:13:40,467916,34.01329041,-118.45435333,39.30,0.00,-90.06,38.28,9
21:13:41,468116,34.01319122,-118.45446777,39.30,0.00,-79.01,37.81,9
21:13:41,468328,34.01319122,-118.45446777,39.00,0.00,-81.64,38.28,9
21:13:41,468537,34.01319122,-118.45446777,39.00,7.40,33.56,38.28,9
21:13:41,468738,34.01319122,-118.45446777,39.00,5.70,19.88,38.28,9
21:13:41,468940,34.01319122,-118.45446777,39.00,0.00,-65.33,38.28,9
21:13:42,469141,34.01309204,-118.45458221,39.00,10.88,72.49,38.28,9
21:13:42,469351,34.01309204,-118.45458221,38.60,5.47,18.31,38.28,9
21:13:42,469556,34.01309204,-118.45458221,38.60,8.17,40.93,38.28,9
21:13:42,469756,34.01309204,-118.45458221,38.60,10.96,73.54,38.28,9
21:13:42,469957,34.01309204,-118.45458221,38.60,9.58,56.18,38.28,9
21:13:43,470174,34.01300049,-118.45469666,38.60,4.23,10.94,38.28,9
21:13:43,470382,34.01300049,-118.45469666,38.30,0.00,-23.78,38.28,9
21:13:43,470582,34.01300049,-118.45469666,38.30,4.23,10.94,38.28,9
21:13:43,470782,34.01300049,-118.45469666,38.30,0.00,-66.91,38.28,9
21:13:43,470984,34.01300049,-118.45469666,38.30,0.00,-25.36,38.28,9
21:13:44,471214,34.01291275,-118.45480347,37.90,0.00,-121.09,38.28,9
21:13:44,471422,34.01291275,-118.45480347,37.90,0.00,-37.45,38.28,9
21:13:44,471623,34.01291275,-118.45480347,37.90,0.00,-9.57,38.28,9
21:13:44,471827,34.01291275,-118.45480347,37.90,3.32,6.73,38.28,9
21:13:44,472029,34.01291275,-118.45480347,37.90,5.54,18.83,38.28,9
21:13:45,472248,34.01283264,-118.45489502,37.40,0.00,-94.27,38.28,9
21:13:45,472454,34.01283264,-118.45489502,37.40,0.00,-27.46,38.28,9
21:13:45,472655,34.01283264,-118.45489502,37.40,0.00,-49.55,38.28,9
21:13:45,472858,34.01283264,-118.45489502,37.40,0.00,-41.66,38.28,9
21:13:46,473066,34.01276016,-118.45497894,37.40,0.00,-93.21,38.28,9
21:13:46,473292,34.01276016,-118.45497894,37.50,0.00,-47.45,38.28,9
21:13:46,473501,34.01276016,-118.45497894,37.50,0.00,-53.76,38.28,9
21:13:46,473705,34.01276016,-118.45497894,37.50,0.00,-54.81,38.28,9
21:13:46,473906,34.01276016,-118.45497894,37.50,0.00,-40.08,38.28,9
21:13:47,474106,34.01269913,-118.45504761,37.50,0.00,-43.24,38.28,9
21:13:47,474319,34.01269913,-118.45504761,37.40,0.00,-14.31,38.28,9
21:13:47,474541,34.01269913,-118.45504761,37.40,0.00,-8.00,38.28,9
21:13:47,474745,34.01269913,-118.45504761,37.40,4.80,14.10,38.28,9
21:13:47,474949,34.01269913,-118.45504761,37.40,0.00,-10.10,38.28,9
21:13:48,475151,34.01264191,-118.45510864,37.40,0.00,-0.63,38.75,9
21:13:48,475364,34.01264191,-118.45510864,37.20,0.00,-22.20,38.75,9
21:13:48,475564,34.01264191,-118.45510864,37.20,7.34,33.03,38.28,9
21:13:48,475767,34.01264191,-118.45510864,37.20,5.06,15.68,38.28,9
21:13:48,475970,34.01264191,-118.45510864,37.20,4.02,9.89,38.28,9
21:13:49,476184,34.01258850,-118.45514679,36.70,0.00,-14.31,38.28,9
21:13:49,476400,34.01258850,-118.45514679,36.70,8.73,46.71,38.28,9
21:13:49,476602,34.01258850,-118.45514679,36.70,7.85,37.77,38.28,9
21:13:49,476806,34.01258850,-118.45514679,36.70,9.53,55.65,38.28,9
21:13:49,477010,34.01258850,-118.45514679,36.70,4.52,12.52,38.28,9
21:13:50,477229,34.01254272,-118.45517731,35.80,5.85,20.94,38.75,9
21:13:50,477435,34.01254272,-118.45517731,35.80,5.70,19.88,38.28,9
21:13:50,477639,34.01254272,-118.45517731,35.80,0.00,-1.16,38.28,9
21:13:50,477840,34.01254272,-118.45517731,35.80,4.71,13.57,38.28,9
21:13:50,478044,34.01254272,-118.45517731,35.80,0.00,-4.84,38.28,9
21:13:51,478259,34.01249313,-118.45520020,35.00,4.71,13.57,38.28,9
21:13:51,478469,34.01249313,-118.45520020,35.00,0.00,-8.52,38.75,9
21:13:51,478671,34.01249313,-118.45520020,35.00,4.43,11.99,38.28,9
21:13:51,478872,34.01249313,-118.45520020,35.00,0.00,-12.73,35.47,9
21:13:52,479076,34.01244736,-118.45520020,35.00,4.43,11.99,37.81,9
21:13:52,479288,34.01244736,-118.45520020,33.60,0.00,-3.79,38.28,9
21:13:52,479497,34.01244736,-118.45520020,33.60,5.23,16.73,38.28,9
21:13:52,479699,34.01244736,-118.45520020,33.60,2.75,4.63,38.28,9
21:13:52,479901,34.01244736,-118.45520020,33.60,0.00,-16.41,38.28,9
21:13:53,480108,34.01240158,-118.45519257,33.60,0.00,-26.93,38.28,9
21:13:53,480321,34.01240158,-118.45519257,33.20,0.00,-34.30,38.28,9
21:13:53,480530,34.01240158,-118.45519257,33.20,0.00,-0.63,38.28,9
21:13:53,480730,34.01240158,-118.45519257,33.20,0.00,-17.46,38.28,9
21:13:53,480933,34.01240158,-118.45519257,33.20,0.00,-9.57,38.28,9
21:13:54,481135,34.01235962,-118.45517731,33.20,4.02,9.89,38.28,9
21:13:54,481344,34.01235962,-118.45517731,33.30,2.42,3.58,38.28,9
21:13:54,481554,34.01235962,-118.45517731,33.30,1.24,0.95,38.28,9
21:13:54,481754,34.01235962,-118.45517731,33.30,0.00,-5.37,38.28,9
21:13:54,481957,34.01235962,-118.45517731,33.30,0.00,-12.73,38.28,9
21:13:55,482165,34.01231766,-118.45516968,33.30,0.00,-12.73,38.28,9
21:13:55,482389,34.01231766,-118.45516968,32.20,0.00,-9.57,38.28,9
21:13:55,482591,34.01231766,-118.45516968,32.20,0.00,-12.73,38.28,9
21:13:55,482795,34.01231766,-118.45516968,32.20,0.00,-13.78,38.75,9
21:13:55,483001,34.01231766,-118.45516968,32.20,0.00,-26.93,38.28,9
21:13:56,483224,34.01228333,-118.45513916,31.50,0.00,-17.46,38.28,9
21:13:56,483429,34.01228333,-118.45513916,31.50,2.75,4.63,38.28,9
21:13:56,483633,34.01228333,-118.45513916,31.50,0.00,-25.88,38.28,9
21:13:56,483835,34.01228333,-118.45513916,31.50,0.00,-12.20,38.28,9
21:13:56,484040,34.01228333,-118.45513916,31.50,0.00,-23.78,38.28,9
21:13:57,484273,34.01225281,-118.45510864,31.80,0.00,-8.52,38.28,9
21:13:57,484478,34.01225281,-118.45510864,31.80,0.00,-2.21,38.28,9
21:13:57,484679,34.01225281,-118.45510864,31.80,0.00,-10.10,38.28,9
21:13:57,484879,34.01225281,-118.45510864,31.80,0.00,-4.84,38.28,9
21:13:58,485087,34.01222229,-118.45507050,31.80,0.00,-19.57,38.28,9
21:13:58,485296,34.01222229,-118.45507050,32.10,0.00,-17.46,38.28,8
21:13:58,485557,34.01222229,-118.45507050,32.10,0.00,-12.73,38.28,8
21:13:58,485761,34.01222229,-118.45507050,32.10,1.24,0.95,38.28,8
21:13:58,485963,34.01222229,-118.45507050,32.10,0.00,-17.46,38.28,8
21:13:59,486170,34.01219559,-118.45503998,32.10,0.00,-17.46,38.28,8
21:13:59,486383,34.01219559,-118.45503998,32.60,0.00,-20.09,37.81,8
21:13:59,486584,34.01219559,-118.45503998,32.60,0.00,-14.31,38.28,8
21:13:59,486788,34.01219559,-118.45503998,32.60,0.00,-13.78,37.81,8
21:13:59,486989,34.01219559,-118.45503998,32.60,0.00,-12.20,37.81,8
21:14:00,487208,34.01216888,-118.45500183,33.60,0.00,-6.94,38.28,8
21:14:00,487425,34.01216888,-118.45500183,33.60,0.00,-11.15,38.28,8
21:14:00,487626,34.01216888,-118.45500183,33.60,0.00,-16.41,38.28,8
21:14:00,487827,34.01216888,-118.45500183,33.60,0.00,-17.46,38.28,8
21:14:00,488027,34.01216888,-118.45500183,33.60,0.00,-19.57,38.28,8
21:14:01,488246,34.01214218,-118.45496368,35.00,0.00,-14.31,37.81,8
21:14:01,488454,34.01214218,-118.45496368,35.00,0.00,-20.09,38.28,8
21:14:01,488654,34.01214218,-118.45496368,35.00,0.00,-14.31,37.81,8
21:14:01,488855,34.01214218,-118.45496368,35.00,0.00,-12.20,37.81,8
21:14:02,489055,34.01211929,-118.45493317,35.00,0.00,-9.57,38.28,8
21:14:02,489265,34.01211929,-118.45493317,35.80,0.00,-12.73,37.81,9
21:14:02,489475,34.01211929,-118.45493317,35.80,0.00,-13.78,37.81,9
21:14:02,489678,34.01211929,-118.45493317,35.80,0.00,-23.78,37.81,9
21:14:02,489880,34.01211929,-118.45493317,35.80,0.00,-17.46,38.28,9
21:14:03,490080,34.01209259,-118.45490265,35.80,0.00,-13.78,38.28,9
21:14:03,490293,34.01209259,-118.45490265,38.10,0.00,-8.00,37.81,9
21:14:03,490515,34.01209259,-118.45490265,38.10,0.00,-31.67,38.28,9
21:14:03,490717,34.01209259,-118.45490265,38.10,0.00,-4.84,38.28,9
21:14:03,490918,34.01209259,-118.45490265,38.10,0.00,-11.15,37.81,9
21:14:04,491121,34.01206207,-118.45486450,38.10,5.06,15.68,38.28,9
21:14:04,491333,34.01206207,-118.45486450,40.70,12.97,103.00,38.28,9
21:14:04,491544,34.01206207,-118.45486450,40.70,7.17,31.46,37.81,9
21:14:04,491747,34.01206207,-118.45486450,40.70,8.43,43.56,37.81,9
21:14:04,491950,34.01206207,-118.45486450,40.70,0.00,-8.52,37.81,9
21:14:05,492164,34.01203537,-118.45482635,40.70,7.63,35.66,38.28,9
21:14:05,492372,34.01203537,-118.45482635,41.70,1.24,0.95,37.81,9
21:14:05,492574,34.01203537,-118.45482635,41.70,13.03,104.05,38.28,9
21:14:05,492775,34.01203537,-118.45482635,41.70,6.80,28.30,37.81,9
21:14:05,492975,34.01203537,-118.45482635,41.70,9.02,49.87,38.28,9
21:14:06,493190,34.01200485,-118.45478821,42.80,0.00,-22.20,38.28,9
21:14:06,493410,34.01200485,-118.45478821,42.80,0.00,-11.15,37.81,9
21:14:06,493613,34.01200485,-118.45478821,42.80,10.27,64.60,37.81,9
21:14:06,493816,34.01200485,-118.45478821,42.80,0.00,-25.36,37.81,9
21:14:06,494021,34.01200485,-118.45478821,42.80,5.31,17.25,38.28,9
21:14:07,494238,34.01197433,-118.45475006,43.70,6.47,25.67,37.81,9
21:14:07,494446,34.01197433,-118.45475006,43.70,0.00,-25.88,37.81,9
21:14:07,494646,34.01197433,-118.45475006,43.70,7.17,31.46,37.81,9
21:14:07,494846,34.01197433,-118.45475006,43.70,3.91,9.36,37.81,9
21:14:07,495052,34.01197433,-118.45475006,43.70,6.98,29.88,38.28,9
21:14:08,495283,34.01194000,-118.45469666,44.40,10.14,63.02,37.81,9
21:14:08,495488,34.01194000,-118.45469666,44.40,0.00,-30.09,38.28,9
21:14:08,495691,34.01194000,-118.45469666,44.40,0.00,-19.57,37.81,9
21:14:08,495891,34.01194000,-118.45469666,44.40,0.00,-8.52,38.28,9
21:14:09,496091,34.01190567,-118.45465088,44.40,0.00,-19.57,37.81,9
21:14:09,496301,34.01190567,-118.45465088,43.60,0.00,-6.42,37.81,9
21:14:09,496523,34.01190567,-118.45465088,43.60,4.71,13.57,37.81,9
21:14:09,496726,34.01190567,-118.45465088,43.60,9.58,56.18,38.28,9
21:14:09,496928,34.01190567,-118.45465088,43.60,0.00,-8.52,37.81,9
21:14:10,497130,34.01187515,-118.45462799,43.60,6.06,22.51,38.28,9
21:14:10,497341,34.01187515,-118.45462799,43.60,0.00,-6.42,37.81,8
21:14:10,497546,34.01187515,-118.45462799,43.60,9.71,57.76,37.81,8
21:14:10,497748,34.01187515,-118.45462799,43.60,5.06,15.68,38.28,8
21:14:10,497952,34.01187515,-118.45462799,43.60,5.70,19.88,37.81,8
21:14:11,498165,34.01184082,-118.45459747,43.60,0.00,-6.94,37.81,8
21:14:11,498385,34.01184082,-118.45459747,44.90,8.78,47.24,37.81,8
21:14:11,498585,34.01184082,-118.45459747,44.90,0.00,-4.84,37.81,8
21:14:11,498786,34.01184082,-118.45459747,44.90,5.92,21.46,37.81,8
21:14:11,498990,34.01184082,-118.45459747,44.90,0.00,-14.31,37.81,8
21:14:12,499209,34.01181030,-118.45457458,45.30,1.81,2.00,37.81,8
21:14:12,499416,34.01181030,-118.45457458,45.30,5.23,16.73,37.81,8
21:14:12,499618,34.01181030,-118.45457458,45.30,7.17,31.46,37.81,8
21:14:12,499821,34.01181030,-118.45457458,45.30,0.00,-8.52,37.81,8
21:14:12,500027,34.01181030,-118.45457458,45.30,3.91,9.36,37.81,8
21:14:13,500244,34.01177597,-118.45455933,45.90,13.74,115.62,37.81,8
21:14:13,500452,34.01177597,-118.45455933,45.90,10.02,61.44,37.81,8
21:14:13,500653,34.01177597,-118.45455933,45.90,11.68,83.53,37.81,8
21:14:13,500857,34.01177597,-118.45455933,45.90,4.71,13.57,37.81,8
21:14:14,501064,34.01174164,-118.45455170,45.90,9.30,53.02,37.81,8
21:14:14,501289,34.01174164,-118.45455170,46.50,10.27,64.60,37.81,8
21:14:14,501509,34.01174164,-118.45455170,46.50,7.52,34.61,37.81,8
21:14:14,501709,34.01174164,-118.45455170,46.50,8.43,43.56,37.81,8
21:14:14,501912,34.01174164,-118.45455170,46.50,11.79,85.11,37.81,8
21:14:15,502118,34.01171112,-118.45455933,46.50,0.00,-15.36,38.28,8
21:14:15,502330,34.01171112,-118.45455933,46.60,8.43,43.56,37.81,9
21:14:15,502539,34.01171112,-118.45455933,46.60,10.14,63.02,37.81,9
21:14:15,502740,34.01171112,-118.45455933,46.60,8.58,45.13,37.81,9
21:14:15,502944,34.01171112,-118.45455933,46.60,9.89,59.86,37.81,9
21:14:16,503149,34.01168060,-118.45458984,46.60,0.00,-4.84,37.81,9
21:14:16,503357,34.01168060,-118.45458984,45.80,13.77,116.15,37.81,9
21:14:16,503562,34.01168060,-118.45458984,45.80,7.34,33.03,37.81,9
21:14:16,503764,34.01168060,-118.45458984,45.80,0.83,0.42,37.81,9
21:14:16,503964,34.01168060,-118.45458984,45.80,11.82,85.64,37.81,9
21:14:17,504168,34.01165390,-118.45462799,45.80,9.30,53.02,37.81,9
21:14:17,504392,34.01165390,-118.45462799,45.70,6.54,26.20,37.81,9
21:14:17,504593,34.01165390,-118.45462799,45.70,12.39,94.05,37.81,9
21:14:17,504794,34.01165390,-118.45462799,45.70,4.23,10.94,37.81,9
21:14:17,505001,34.01165390,-118.45462799,45.70,4.52,12.52,37.81,9
21:14:18,505219,34.01162720,-118.45467377,45.80,0.00,-25.88,37.81,9
21:14:18,505427,34.01162720,-118.45467377,45.80,6.06,22.51,37.81,9
21:14:18,505630,34.01162720,-118.45467377,45.80,6.06,22.51,37.81,9
21:14:18,505833,34.01162720,-118.45467377,45.80,0.00,-6.42,38.28,9
21:14:18,506039,34.01162720,-118.45467377,45.80,0.00,-11.15,38.28,9
21:14:19,506260,34.01160431,-118.45471191,45.60,6.67,27.25,37.81,9
21:14:19,506465,34.01160431,-118.45471191,45.60,0.00,-41.66,38.28,9
21:14:19,506668,34.01160431,-118.45471191,45.60,10.84,71.96,37.81,9
21:14:19,506872,34.01160431,-118.45471191,45.60,10.06,61.97,38.28,9
21:14:20,507075,34.01157761,-118.45475006,45.60,0.00,-36.93,38.28,9
21:14:20,507285,34.01157761,-118.45475006,44.50,0.00,-4.84,37.81,9
21:14:20,507507,34.01157761,-118.45475006,44.50,3.68,8.31,37.81,9
21:14:20,507710,34.01157761,-118.45475006,44.50,0.00,-24.30,37.81,9
21:14:20,507911,34.01157761,-118.45475006,44.50,0.00,-91.64,38.28,9
21:14:21,508117,34.01155472,-118.45478058,44.50,0.00,-2.74,38.28,9
21:14:21,508328,34.01155472,-118.45478058,44.60,0.00,-5.37,38.28,9
21:14:21,508537,34.01155472,-118.45478058,44.60,5.92,21.46,37.81,9
21:14:21,508740,34.01155472,-118.45478058,44.60,1.24,0.95,38.28,9
21:14:21,508942,34.01155472,-118.45478058,44.60,0.00,-40.08,38.28,9
21:14:22,509148,34.01153183,-118.45481110,44.60,0.00,-83.22,37.81,9
21:14:22,509367,34.01153183,-118.45481110,44.00,0.00,-82.69,37.81,9
21:14:22,509567,34.01153183,-118.45481110,44.00,0.00,-12.20,38.28,9
21:14:22,509770,34.01153183,-118.45481110,44.00,0.00,-54.81,37.81,9
21:14:22,509973,34.01153183,-118.45481110,44.00,6.47,25.67,37.81,9
21:14:23,510194,34.01150513,-118.45484161,44.80,0.00,-94.27,38.28,9
21:14:23,510398,34.01150513,-118.45484161,44.80,0.00,-65.33,37.81,9
21:14:23,510618,34.01150513,-118.45484161,44.80,0.00,-61.13,38.28,9
21:14:23,510818,34.01150513,-118.45484161,44.80,0.00,-55.34,38.28,9
21:14:23,511025,34.01150513,-118.45484161,44.80,0.00,-35.88,38.28,9
21:14:24,511242,34.01147842,-118.45487213,43.10,0.00,-58.50,38.28,9
21:14:24,511450,34.01147842,-118.45487213,43.10,0.00,-49.55,38.28,9
21:14:24,511650,34.01147842,-118.45487213,43.10,0.00,-46.40,37.81,9
21:14:24,511852,34.01147842,-118.45487213,43.10,0.00,-40.61,38.28,9
21:14:25,512062,34.01145935,-118.45491028,43.10,4.97,15.15,38.28,9
21:14:25,512295,34.01145935,-118.45491028,41.90,8.88,48.29,38.28,9
21:14:25,512510,34.01145935,-118.45491028,41.90,3.32,6.73,38.28,9
21:14:25,512710,34.01145935,-118.45491028,41.90,6.13,23.04,38.28,9
21:14:25,512912,34.01145935,-118.45491028,41.90,5.70,19.88,38.28,9
21:14:26,513117,34.01144791,-118.45495605,41.90,0.00,-22.20,38.28,9
21:14:26,513329,34.01144791,-118.45495605,41.40,8.17,40.93,37.81,9
21:14:26,513538,34.01144791,-118.45495605,41.40,7.96,38.82,38.28,9
21:14:26,513738,34.01144791,-118.45495605,41.40,6.80,28.30,37.81,9
21:14:26,513941,34.01144791,-118.45495605,41.40,11.53,81.43,38.28,9
21:14:27,514145,34.01145172,-118.45500183,41.40,4.97,15.15,38.28,9
21:14:27,514353,34.01145172,-118.45500183,41.60,8.43,43.56,38.28,9
21:14:27,514558,34.01145172,-118.45500183,41.60,3.68,8.31,38.28,9
21:14:27,514758,34.01145172,-118.45500183,41.60,0.00,-6.42,37.81,9
21:14:27,514960,34.01145172,-118.45500183,41.60,0.00,-12.20,38.28,9
21:14:28,515164,34.01145554,-118.45503235,41.60,0.00,-6.42,38.28,9
21:14:28,515388,34.01145554,-118.45503235,40.00,0.00,-9.57,37.81,9
21:14:28,515591,34.01145554,-118.45503235,40.00,6.13,23.04,37.81,9
21:14:28,515791,34.01145554,-118.45503235,40.00,0.00,-5.37,38.28,9
21:14:28,515994,34.01145554,-118.45503235,40.00,0.00,-9.57,38.28,9
21:14:29,516211,34.01147079,-118.45506287,40.40,0.00,-10.10,37.81,9
21:14:29,516419,34.01147079,-118.45506287,40.40,0.00,-10.10,38.28,9
21:14:29,516619,34.01147079,-118.45506287,40.40,0.00,-12.73,38.28,9
21:14:29,516819,34.01147079,-118.45506287,40.40,0.00,-12.20,38.28,9
21:14:29,517027,34.01147079,-118.45506287,40.40,0.00,-13.78,38.28,9
21:14:30,517248,34.01148605,-118.45508575,41.00,0.00,-12.73,38.28,9
21:14:30,517451,34.01148605,-118.45508575,41.00,0.00,-13.78,38.28,9
21:14:30,517654,34.01148605,-118.45508575,41.00,0.00,-15.36,38.28,9
21:14:30,517856,34.01148605,-118.45508575,41.00,0.00,-16.41,37.81,9
21:14:31,518064,34.01149750,-118.45510101,41.00,0.00,-14.31,38.28,9
21:14:31,518274,34.01149750,-118.45510101,40.80,0.00,-16.41,38.28,9
21:14:31,518495,34.01149750,-118.45510101,40.80,0.00,-15.36,38.28,9
21:14:31,518696,34.01149750,-118.45510101,40.80,0.00,-16.41,37.81,9
21:14:31,518896,34.01149750,-118.45510101,40.80,0.00,-16.41,37.81,9
21:14:32,519101,34.01150894,-118.45511627,40.80,0.00,-16.41,37.81,9
21:14:32,519314,34.01150894,-118.45511627,41.10,0.00,-15.36,38.28,8
21:14:32,519524,34.01150894,-118.45511627,41.10,0.00,-14.31,38.28,8
21:14:32,519725,34.01150894,-118.45511627,41.10,0.00,-14.31,37.81,8
21:14:32,519925,34.01150894,-118.45511627,41.10,0.00,-14.31,37.81,8
21:14:33,520131,34.01152039,-118.45513153,41.10,0.00,-14.31,37.81,8
21:14:33,520347,34.01152039,-118.45513153,40.60,0.00,-14.31,38.28,8
21:14:33,520549,34.01152039,-118.45513153,40.60,0.00,-14.31,38.28,8
21:14:33,520752,34.01152039,-118.45513153,40.60,0.00,-13.78,38.28,8
21:14:33,520956,34.01152039,-118.45513153,40.60,0.00,-14.31,37.81,8
21:14:34,521167,34.01152420,-118.45513916,41.10,0.00,-15.36,38.28,8
21:14:34,521374,34.01152420,-118.45513916,41.10,0.00,-15.36,38.28,8
21:14:34,521577,34.01152420,-118.45513916,41.10,0.00,-15.36,37.81,8
21:14:34,521779,34.01152420,-118.45513916,41.10,0.00,-14.31,38.28,8
21:14:34,521982,34.01152420,-118.45513916,41.10,0.00,-13.78,37.81,8
21:14:35,522201,34.01152802,-118.45514679,40.70,0.00,-13.78,38.28,8
21:14:35,522408,34.01152802,-118.45514679,40.70,0.00,-12.73,38.28,8
21:14:35,522608,34.01152802,-118.45514679,40.70,0.00,-13.78,37.81,8
21:14:35,522808,34.01152802,-118.45514679,40.70,0.00,-14.31,37.81,8
21:14:35,523011,34.01152802,-118.45514679,40.70,0.00,-15.36,37.81,8
21:14:36,523296,34.01152420,-118.45515442,40.70,0.00,-14.31,37.81,7
21:14:36,523517,34.01152420,-118.45515442,40.70,0.00,-13.78,37.81,7
21:14:36,523721,34.01152420,-118.45515442,40.70,0.00,-12.73,37.81,7
21:14:36,523924,34.01152420,-118.45515442,40.70,0.00,-13.78,37.81,7
21:14:37,524128,34.01152802,-118.45515442,40.70,0.00,-14.31,37.81,7
21:14:37,524338,34.01152802,-118.45515442,40.00,0.00,-13.78,37.81,7
21:14:37,524546,34.01152802,-118.45515442,40.00,0.00,-15.36,37.81,7
21:14:37,524746,34.01152802,-118.45515442,40.00,0.00,-13.78,37.81,7
21:14:37,524948,34.01152802,-118.45515442,40.00,0.00,-15.36,38.28,7
21:14:38,525154,34.01152802,-118.45516205,40.00,0.00,-14.31,37.81,7
21:14:38,525360,34.01152802,-118.45516205,40.50,0.00,-12.73,38.28,9
21:14:38,525563,34.01152802,-118.45516205,40.50,0.00,-13.78,37.81,9
21:14:38,525765,34.01152802,-118.45516205,40.50,0.00,-11.15,37.81,9
21:14:38,525966,34.01152802,-118.45516205,40.50,0.00,-8.00,37.81,9
21:14:39,526185,34.01152802,-118.45516968,40.30,0.00,-8.52,37.81,9
21:14:39,526404,34.01152802,-118.45516968,40.30,0.00,-8.00,38.28,9
21:14:39,526604,34.01152802,-118.45516968,40.30,0.00,-11.15,38.28,9
21:14:39,526805,34.01152802,-118.45516968,40.30,0.00,-6.94,37.81,9