timestamp,airspeed,elevation
1900-01-01 21:13:25.112,0.0,0.0
1900-01-01 21:13:25.313,0.0,61.6
1900-01-01 21:13:25.517,0.0,61.6
1900-01-01 21:13:25.718,0.0,61.6
1900-01-01 21:13:25.918,0.0,61.6
1900-01-01 21:13:27.125,0.0,61.6
1900-01-01 21:13:27.330,0.0,60.6
1900-01-01 21:13:27.533,0.0,60.6
1900-01-01 21:13:27.734,0.0,60.6
1900-01-01 21:13:27.937,0.0,60.6
1900-01-01 21:13:29.142,0.0,60.6
1900-01-01 21:13:29.344,13.52,60.2
1900-01-01 21:13:29.546,0.0,60.2
1900-01-01 21:13:29.748,0.0,60.2
1900-01-01 21:13:29.948,8.58,60.2
1900-01-01 21:13:31.150,4.02,60.2
1900-01-01 21:13:31.356,6.27,60.4
1900-01-01 21:13:31.556,9.16,60.4
1900-01-01 21:13:31.760,6.06,60.4
1900-01-01 21:13:31.962,2.42,60.4
1900-01-01 21:13:33.170,14.79,60.5
1900-01-01 21:13:33.384,11.6,60.5
1900-01-01 21:13:33.587,13.16,60.5
1900-01-01 21:13:33.788,13.86,60.5
1900-01-01 21:13:33.995,17.99,60.5
1900-01-01 21:13:35.200,10.84,60.4
1900-01-01 21:13:35.400,12.43,60.4
1900-01-01 21:13:35.603,4.97,60.4
1900-01-01 21:13:35.805,13.61,60.4
1900-01-01 21:13:36.011,12.39,60.4
1900-01-01 21:13:37.218,12.43,60.0
1900-01-01 21:13:37.425,10.6,60.0
1900-01-01 21:13:37.629,12.0,60.0
1900-01-01 21:13:37.831,16.73,60.0
1900-01-01 21:13:38.032,12.04,60.0
1900-01-01 21:13:39.237,15.17,59.6
1900-01-01 21:13:39.444,4.23,59.6
1900-01-01 21:13:39.648,16.98,59.6
1900-01-01 21:13:39.849,15.8,59.6
1900-01-01 21:13:41.053,0.0,59.6
1900-01-01 21:13:41.257,4.23,59.5
1900-01-01 21:13:41.460,11.3,59.5
1900-01-01 21:13:41.662,15.72,59.5
1900-01-01 21:13:41.862,14.62,59.5
1900-01-01 21:13:43.062,9.58,59.5
1900-01-01 21:13:43.262,6.47,59.3
1900-01-01 21:13:43.462,13.86,59.3
1900-01-01 21:13:43.665,9.02,59.3
1900-01-01 21:13:43.868,11.3,59.3
1900-01-01 21:13:45.072,9.67,59.3
1900-01-01 21:13:45.274,16.52,58.9
1900-01-01 21:13:45.494,18.6,58.9
1900-01-01 21:13:45.697,8.01,58.9
1900-01-01 21:13:45.898,7.96,58.9
1900-01-01 21:13:47.102,7.17,58.9
1900-01-01 21:13:47.304,14.71,58.6
1900-01-01 21:13:47.507,17.51,58.6
1900-01-01 21:13:47.710,8.88,58.6
1900-01-01 21:13:47.914,19.41,58.6
1900-01-01 21:13:49.118,12.29,58.6
1900-01-01 21:13:49.324,15.8,58.1
1900-01-01 21:13:49.528,0.0,58.1
1900-01-01 21:13:49.728,18.39,58.1
1900-01-01 21:13:49.932,8.12,58.1
1900-01-01 21:13:51.136,0.0,58.1
1900-01-01 21:13:51.338,16.88,57.1
1900-01-01 21:13:51.542,7.05,57.1
1900-01-01 21:13:51.747,15.75,57.1
1900-01-01 21:13:51.948,14.26,57.1
1900-01-01 21:13:53.151,16.88,57.1
1900-01-01 21:13:53.354,0.0,57.0
1900-01-01 21:13:53.556,12.04,57.0
1900-01-01 21:13:53.759,13.52,57.0
1900-01-01 21:13:53.961,16.02,57.0
1900-01-01 21:13:55.180,9.07,56.3
1900-01-01 21:13:55.383,8.58,56.3
1900-01-01 21:13:55.583,16.39,56.3
1900-01-01 21:13:55.786,16.47,56.3
1900-01-01 21:13:55.992,9.53,56.3
1900-01-01 21:13:57.195,4.71,55.0
1900-01-01 21:13:57.397,6.8,55.0
1900-01-01 21:13:57.599,2.03,55.0
1900-01-01 21:13:57.800,23.09,55.0
1900-01-01 21:13:58.004,10.52,55.0
1900-01-01 21:13:59.210,21.51,54.3
1900-01-01 21:13:59.411,11.82,54.3
1900-01-01 21:13:59.612,13.68,54.3
1900-01-01 21:13:59.814,0.0,54.3
1900-01-01 21:14:00.017,15.11,54.3
1900-01-01 21:14:01.227,11.0,54.0
1900-01-01 21:14:01.433,8.17,54.0
1900-01-01 21:14:01.633,11.3,54.0
1900-01-01 21:14:01.834,6.47,54.0
1900-01-01 21:14:02.042,10.27,54.0
1900-01-01 21:14:03.244,12.6,52.5
1900-01-01 21:14:03.451,9.26,52.5
1900-01-01 21:14:03.654,14.26,52.5
1900-01-01 21:14:03.854,13.13,52.5
1900-01-01 21:14:05.062,8.48,52.5
1900-01-01 21:14:05.262,12.67,51.8
1900-01-01 21:14:05.464,15.02,51.8
1900-01-01 21:14:05.668,4.23,51.8
1900-01-01 21:14:05.871,0.0,51.8
1900-01-01 21:14:07.077,12.8,51.8
1900-01-01 21:14:07.283,2.9,51.4
1900-01-01 21:14:07.486,8.17,51.4
1900-01-01 21:14:07.688,6.98,51.4
1900-01-01 21:14:07.899,6.86,51.4
1900-01-01 21:14:09.101,11.49,51.4
1900-01-01 21:14:09.308,12.87,51.2
1900-01-01 21:14:09.510,12.7,51.2
1900-01-01 21:14:09.710,12.11,51.2
1900-01-01 21:14:09.912,10.88,51.2
1900-01-01 21:14:11.120,15.8,51.2
1900-01-01 21:14:11.326,12.5,50.9
1900-01-01 21:14:11.530,16.55,50.9
1900-01-01 21:14:11.732,14.76,50.9
1900-01-01 21:14:11.935,7.85,50.9
1900-01-01 21:14:13.136,11.3,50.9
1900-01-01 21:14:13.337,6.27,51.0
1900-01-01 21:14:13.539,13.61,51.0
1900-01-01 21:14:13.743,13.03,51.0
1900-01-01 21:14:13.944,7.85,51.0
1900-01-01 21:14:15.151,16.98,51.0
1900-01-01 21:14:15.351,16.62,51.0
1900-01-01 21:14:15.555,3.68,51.0
1900-01-01 21:14:15.756,7.69,51.0
1900-01-01 21:14:15.959,8.78,51.0
1900-01-01 21:14:17.163,0.0,51.0
1900-01-01 21:14:17.368,14.35,51.3
1900-01-01 21:14:17.571,8.28,51.3
1900-01-01 21:14:17.771,5.23,51.3
1900-01-01 21:14:17.978,0.0,51.3
1900-01-01 21:14:19.178,9.71,50.4
1900-01-01 21:14:19.389,6.98,50.4
1900-01-01 21:14:19.589,9.53,50.4
1900-01-01 21:14:19.792,12.5,50.4
1900-01-01 21:14:20.000,17.51,50.4
1900-01-01 21:14:21.205,8.88,50.1
1900-01-01 21:14:21.405,7.96,50.1
1900-01-01 21:14:21.607,3.57,50.1
1900-01-01 21:14:21.811,6.54,50.1
1900-01-01 21:14:22.017,2.9,50.1
1900-01-01 21:14:23.221,18.92,49.7
1900-01-01 21:14:23.422,0.0,49.7
1900-01-01 21:14:23.622,7.4,49.7
1900-01-01 21:14:23.825,13.61,49.7
1900-01-01 21:14:24.027,11.19,49.7
1900-01-01 21:14:25.227,18.18,50.1
1900-01-01 21:14:25.428,7.05,50.1
1900-01-01 21:14:25.630,11.6,50.1
1900-01-01 21:14:25.832,10.39,50.1
1900-01-01 21:14:26.032,15.88,50.1
1900-01-01 21:14:27.239,9.67,50.8
1900-01-01 21:14:27.442,2.42,50.8
1900-01-01 21:14:27.645,10.02,50.8
1900-01-01 21:14:27.849,14.76,50.8
1900-01-01 21:14:29.051,9.44,50.8
1900-01-01 21:14:29.257,2.03,50.6
1900-01-01 21:14:29.461,14.88,50.6
1900-01-01 21:14:29.662,12.32,50.6
1900-01-01 21:14:29.866,10.14,50.6
1900-01-01 21:14:31.066,12.18,50.6
1900-01-01 21:14:31.268,10.39,50.3
1900-01-01 21:14:31.472,13.39,50.3
1900-01-01 21:14:31.673,14.11,50.3
1900-01-01 21:14:31.874,14.17,50.3
1900-01-01 21:14:33.087,6.98,50.3
1900-01-01 21:14:33.288,0.0,50.1
1900-01-01 21:14:33.491,13.42,50.1
1900-01-01 21:14:33.693,13.58,50.1
1900-01-01 21:14:33.894,12.0,50.1
1900-01-01 21:14:35.095,9.4,50.1
1900-01-01 21:14:35.298,14.97,50.4
1900-01-01 21:14:35.499,8.58,50.4
1900-01-01 21:14:35.703,9.67,50.4
1900-01-01 21:14:35.907,7.85,50.4
1900-01-01 21:14:37.111,9.02,50.4
1900-01-01 21:14:37.311,11.15,50.5
1900-01-01 21:14:37.514,15.88,50.5
1900-01-01 21:14:37.714,18.34,50.5
1900-01-01 21:14:37.917,0.0,50.5
1900-01-01 21:14:39.126,16.75,50.5
1900-01-01 21:14:39.330,0.0,51.0
1900-01-01 21:14:39.530,9.67,51.0
1900-01-01 21:14:39.733,0.0,51.0
1900-01-01 21:14:39.934,6.13,51.0
1900-01-01 21:14:41.139,12.29,51.0
1900-01-01 21:14:41.340,11.53,51.8
1900-01-01 21:14:41.540,11.6,51.8
1900-01-01 21:14:41.740,12.22,51.8
1900-01-01 21:14:41.944,13.61,51.8
1900-01-01 21:14:43.149,7.85,51.8
1900-01-01 21:14:43.350,10.52,51.5
1900-01-01 21:14:43.550,15.25,51.5
1900-01-01 21:14:43.751,12.67,51.5
1900-01-01 21:14:43.954,3.32,51.5
1900-01-01 21:14:45.156,14.38,52.1
1900-01-01 21:14:45.360,10.39,52.1
1900-01-01 21:14:45.562,5.92,52.1
1900-01-01 21:14:45.765,8.63,52.1
1900-01-01 21:14:45.968,6.06,52.1
1900-01-01 21:14:47.176,9.26,52.9
1900-01-01 21:14:47.380,12.0,52.9
1900-01-01 21:14:47.581,12.67,52.9
1900-01-01 21:14:47.783,9.07,52.9
1900-01-01 21:14:47.988,8.43,52.9
1900-01-01 21:14:49.198,0.0,53.3
1900-01-01 21:14:49.406,0.0,53.3
1900-01-01 21:14:49.609,13.86,53.3
1900-01-01 21:14:49.813,8.63,53.3
1900-01-01 21:14:50.017,14.17,53.3
1900-01-01 21:14:51.223,11.79,53.5
1900-01-01 21:14:51.430,13.42,53.5
1900-01-01 21:14:51.630,10.84,53.5
1900-01-01 21:14:51.833,8.01,53.5
1900-01-01 21:14:53.043,14.85,53.5
1900-01-01 21:14:53.244,12.0,53.8
1900-01-01 21:14:53.447,10.14,53.8
1900-01-01 21:14:53.649,8.43,53.8
1900-01-01 21:14:53.853,8.12,53.8
1900-01-01 21:15:13.173,11.79,54.2
1900-01-01 21:15:13.378,12.18,54.2
1900-01-01 21:15:13.580,10.84,54.2
1900-01-01 21:15:13.780,8.12,54.2
1900-01-01 21:15:13.981,8.28,54.2
1900-01-01 21:15:15.187,12.7,54.8
1900-01-01 21:15:15.397,11.82,54.8
1900-01-01 21:15:15.599,9.02,54.8
1900-01-01 21:15:15.799,9.02,54.8
1900-01-01 21:15:16.006,11.38,54.8
1900-01-01 21:15:17.208,14.2,54.5
1900-01-01 21:15:17.411,13.42,54.5
1900-01-01 21:15:17.613,9.58,54.5
1900-01-01 21:15:17.815,13.03,54.5
1900-01-01 21:15:18.016,15.97,54.5
1900-01-01 21:15:19.225,9.16,52.9
1900-01-01 21:15:19.425,10.31,52.9
1900-01-01 21:15:19.628,8.28,52.9
1900-01-01 21:15:19.830,9.3,52.9
1900-01-01 21:15:20.033,14.79,52.9
1900-01-01 21:15:21.239,11.68,53.7
1900-01-01 21:15:21.441,13.07,53.7
1900-01-01 21:15:21.641,13.23,53.7
1900-01-01 21:15:21.841,4.71,53.7
1900-01-01 21:15:23.045,13.16,53.7
1900-01-01 21:15:23.253,17.18,53.2
1900-01-01 21:15:23.453,12.04,53.2
1900-01-01 21:15:23.653,8.73,53.2
1900-01-01 21:15:23.856,10.64,53.2
1900-01-01 21:15:25.062,10.6,53.2
1900-01-01 21:15:25.269,12.0,53.7
1900-01-01 21:15:25.470,6.98,53.7
1900-01-01 21:15:25.671,15.56,53.7
1900-01-01 21:15:25.872,17.11,53.7
1900-01-01 21:15:27.072,17.18,53.7
1900-01-01 21:15:27.285,15.94,52.9
1900-01-01 21:15:27.487,18.18,52.9
1900-01-01 21:15:27.690,16.62,52.9
1900-01-01 21:15:27.891,14.94,52.9
1900-01-01 21:15:29.093,8.48,52.9
1900-01-01 21:15:29.293,14.17,53.2
1900-01-01 21:15:29.495,1.24,53.2
1900-01-01 21:15:29.699,14.79,53.2
1900-01-01 21:15:29.900,17.85,53.2
1900-01-01 21:15:31.103,14.97,53.2
1900-01-01 21:15:31.305,3.32,52.6
1900-01-01 21:15:31.509,5.92,52.6
1900-01-01 21:15:31.711,9.26,52.6
1900-01-01 21:15:31.918,12.22,52.6
1900-01-01 21:15:33.126,13.86,52.6
1900-01-01 21:15:33.334,0.0,52.7
1900-01-01 21:15:33.536,10.84,52.7
1900-01-01 21:15:33.736,8.43,52.7
1900-01-01 21:15:33.937,11.72,52.7
1900-01-01 21:15:35.140,16.91,52.7
1900-01-01 21:15:35.340,17.08,53.4
1900-01-01 21:15:35.542,9.02,53.4
1900-01-01 21:15:35.746,12.04,53.4
1900-01-01 21:15:35.947,20.94,53.4
1900-01-01 21:15:37.158,10.64,53.5
1900-01-01 21:15:37.358,17.65,53.5
1900-01-01 21:15:37.560,17.23,53.5
1900-01-01 21:15:37.760,10.19,53.5
1900-01-01 21:15:37.961,15.58,53.5
1900-01-01 21:15:39.165,11.07,53.7
1900-01-01 21:15:39.367,5.23,53.7
1900-01-01 21:15:39.568,2.03,53.7
1900-01-01 21:15:39.770,11.49,53.7
1900-01-01 21:15:39.971,16.62,53.7
1900-01-01 21:15:41.172,7.05,53.6
1900-01-01 21:15:41.376,2.42,53.6
1900-01-01 21:15:41.580,0.0,53.6
1900-01-01 21:15:41.783,0.0,53.6
1900-01-01 21:15:41.988,5.92,53.6
1900-01-01 21:15:43.194,8.43,53.8
1900-01-01 21:15:43.401,0.0,53.8
1900-01-01 21:15:43.604,3.68,53.8
1900-01-01 21:15:43.804,0.0,53.8
1900-01-01 21:15:44.012,0.0,53.8
1900-01-01 21:15:45.220,0.0,54.3
1900-01-01 21:15:45.425,5.92,54.3
1900-01-01 21:15:45.626,0.0,54.3
1900-01-01 21:15:45.827,4.23,54.3
1900-01-01 21:15:46.032,8.17,54.3
1900-01-01 21:15:47.238,4.8,54.9
1900-01-01 21:15:47.446,3.32,54.9
1900-01-01 21:15:47.646,0.0,54.9
1900-01-01 21:15:47.850,9.44,54.9
1900-01-01 21:15:49.058,2.03,54.9
1900-01-01 21:15:49.307,7.96,54.6
1900-01-01 21:15:49.509,0.0,54.6
1900-01-01 21:15:49.712,0.0,54.6
1900-01-01 21:15:49.915,0.0,54.6
1900-01-01 21:16:09.204,0.0,56.8
1900-01-01 21:16:09.409,0.0,56.8
1900-01-01 21:16:09.610,15.36,56.8
1900-01-01 21:16:09.811,0.0,56.8
1900-01-01 21:16:10.027,7.23,56.8
1900-01-01 21:16:11.231,16.13,56.7
1900-01-01 21:16:11.431,13.83,56.7
1900-01-01 21:16:11.632,0.0,56.7
1900-01-01 21:16:11.833,0.0,56.7
1900-01-01 21:16:12.038,0.0,56.7
1900-01-01 21:16:13.241,21.27,57.4
1900-01-01 21:16:13.447,16.52,57.4
1900-01-01 21:16:13.648,28.77,57.4
1900-01-01 21:16:13.849,0.0,57.4
1900-01-01 21:16:15.049,10.84,57.4
1900-01-01 21:16:15.253,15.8,57.6
1900-01-01 21:16:15.461,0.0,57.6
1900-01-01 21:16:15.661,0.0,57.6
1900-01-01 21:16:15.861,23.11,57.6
1900-01-01 21:16:17.062,5.06,57.6
1900-01-01 21:16:17.269,13.29,58.0
1900-01-01 21:16:17.472,0.0,58.0
1900-01-01 21:16:17.675,20.09,58.0
1900-01-01 21:16:17.877,16.39,58.0
1900-01-01 21:16:19.087,17.92,58.0
1900-01-01 21:16:19.294,17.58,58.3
1900-01-01 21:16:19.494,17.03,58.3
1900-01-01 21:16:19.697,1.81,58.3
1900-01-01 21:16:19.899,13.33,58.3
1900-01-01 21:16:21.100,3.57,58.3
1900-01-01 21:16:21.301,0.0,58.7
1900-01-01 21:16:21.503,15.67,58.7
1900-01-01 21:16:21.706,0.0,58.7
1900-01-01 21:16:21.908,20.09,58.7
1900-01-01 21:16:23.110,0.83,58.7
1900-01-01 21:16:23.315,0.0,59.0
1900-01-01 21:16:23.518,17.18,59.0
1900-01-01 21:16:23.722,16.13,59.0
1900-01-01 21:16:23.922,12.32,59.0
1900-01-01 21:16:25.128,23.77,59.0
1900-01-01 21:16:25.335,23.51,59.5
1900-01-01 21:16:25.539,13.07,59.5
1900-01-01 21:16:25.739,7.05,59.5
1900-01-01 21:16:25.942,17.58,59.5
1900-01-01 21:16:27.146,5.47,59.5
1900-01-01 21:16:27.352,2.03,59.5
1900-01-01 21:16:27.556,18.53,59.5
1900-01-01 21:16:27.756,8.43,59.5
1900-01-01 21:16:27.956,0.0,59.5
1900-01-01 21:16:29.166,20.19,59.2
1900-01-01 21:16:29.369,17.72,59.2
1900-01-01 21:16:29.569,0.0,59.2
1900-01-01 21:16:29.771,15.19,59.2
1900-01-01 21:16:29.975,0.0,59.2
1900-01-01 21:16:31.182,29.98,59.4
1900-01-01 21:16:31.387,2.42,59.4
1900-01-01 21:16:31.590,11.07,59.4
1900-01-01 21:16:31.793,17.8,59.4
1900-01-01 21:16:32.002,13.68,59.4
1900-01-01 21:16:33.208,9.02,59.3
1900-01-01 21:16:33.419,20.0,59.3
1900-01-01 21:16:33.622,6.47,59.3
1900-01-01 21:16:33.825,10.76,59.3
1900-01-01 21:16:34.031,14.44,59.3
1900-01-01 21:16:35.238,7.23,58.9
1900-01-01 21:16:35.438,14.88,58.9
1900-01-01 21:16:35.639,7.63,58.9
1900-01-01 21:16:35.842,8.78,58.9
1900-01-01 21:16:37.049,13.13,58.9
1900-01-01 21:16:37.249,0.0,58.9
1900-01-01 21:16:37.457,13.61,58.9
1900-01-01 21:16:37.661,14.02,58.9
1900-01-01 21:16:37.864,4.71,58.9
1900-01-01 21:16:39.066,26.04,58.9
1900-01-01 21:16:39.276,0.0,58.7
1900-01-01 21:16:39.506,10.6,58.7
1900-01-01 21:16:39.709,23.62,58.7
1900-01-01 21:16:39.913,0.0,58.7
1900-01-01 21:16:41.115,16.29,58.7
1900-01-01 21:16:41.317,0.0,58.5
1900-01-01 21:16:41.521,17.08,58.5
1900-01-01 21:16:41.725,0.0,58.5
1900-01-01 21:16:41.928,0.0,58.5
1900-01-01 21:16:43.129,19.15,58.5
1900-01-01 21:16:43.337,4.02,58.5
1900-01-01 21:16:43.540,10.14,58.5
1900-01-01 21:16:43.742,0.0,58.5
1900-01-01 21:16:43.946,0.0,58.5
1900-01-01 21:16:45.151,13.74,58.5
1900-01-01 21:16:45.352,21.33,58.1
1900-01-01 21:16:45.552,9.8,58.1
1900-01-01 21:16:45.754,13.83,58.1
1900-01-01 21:16:45.958,6.27,58.1
1900-01-01 21:16:47.164,12.43,57.9
1900-01-01 21:16:47.372,17.26,57.9
1900-01-01 21:16:47.573,12.7,57.9
1900-01-01 21:16:47.773,5.31,57.9
1900-01-01 21:16:47.974,0.0,57.9
1900-01-01 21:16:49.178,8.43,57.6
1900-01-01 21:16:49.380,4.71,57.6
1900-01-01 21:16:49.582,15.86,57.6
1900-01-01 21:16:49.786,17.92,57.6
1900-01-01 21:16:49.989,2.9,57.6
1900-01-01 21:16:51.195,20.0,56.8
1900-01-01 21:16:51.398,9.26,56.8
1900-01-01 21:16:51.603,22.06,56.8
1900-01-01 21:16:51.804,19.94,56.8
1900-01-01 21:16:52.007,18.34,56.8
1900-01-01 21:16:53.209,24.72,56.2
1900-01-01 21:16:53.410,9.93,56.2
1900-01-01 21:16:53.611,10.72,56.2
1900-01-01 21:16:53.815,10.39,56.2
1900-01-01 21:16:54.017,0.0,56.2
1900-01-01 21:16:55.222,12.04,56.3
1900-01-01 21:16:55.429,21.15,56.3
1900-01-01 21:16:55.629,21.33,56.3
1900-01-01 21:16:55.833,12.39,56.3
1900-01-01 21:16:57.044,21.63,56.3
1900-01-01 21:16:57.244,28.44,55.8
1900-01-01 21:16:57.445,0.0,55.8
1900-01-01 21:16:57.646,0.0,55.8
1900-01-01 21:16:57.848,8.73,55.8
1900-01-01 21:16:59.049,20.07,55.8
1900-01-01 21:16:59.256,20.09,55.7
1900-01-01 21:16:59.458,0.0,55.7
1900-01-01 21:16:59.661,21.67,55.7
1900-01-01 21:16:59.863,19.52,55.7
1900-01-01 21:17:01.063,0.0,55.7
1900-01-01 21:17:01.263,24.02,56.1
1900-01-01 21:17:01.471,22.04,56.1
1900-01-01 21:17:01.673,16.98,56.1
1900-01-01 21:17:01.876,22.77,56.1
1900-01-01 21:17:03.077,0.0,56.1
1900-01-01 21:17:03.282,0.0,56.6
1900-01-01 21:17:03.488,11.42,56.6
1900-01-01 21:17:03.688,11.68,56.6
1900-01-01 21:17:03.889,18.08,56.6
1900-01-01 21:17:05.092,14.68,56.6
1900-01-01 21:17:05.295,26.7,56.4
1900-01-01 21:17:05.497,8.58,56.4
1900-01-01 21:17:05.700,16.47,56.4
1900-01-01 21:17:05.904,14.68,56.4
1900-01-01 21:17:07.108,18.53,56.4
1900-01-01 21:17:07.374,18.87,56.6
1900-01-01 21:17:07.578,0.0,56.6
1900-01-01 21:17:07.778,23.64,56.6
1900-01-01 21:17:07.978,18.27,56.6
1900-01-01 21:17:09.184,13.16,56.4
1900-01-01 21:17:09.385,17.6,56.4
1900-01-01 21:17:09.586,6.34,56.4
1900-01-01 21:17:09.788,13.03,56.4
1900-01-01 21:17:09.992,6.98,56.4
1900-01-01 21:17:11.212,3.57,56.4
1900-01-01 21:17:11.412,17.6,56.4
1900-01-01 21:17:11.616,0.0,56.4
1900-01-01 21:17:11.816,0.0,56.4
1900-01-01 21:17:12.022,4.97,56.4
1900-01-01 21:17:13.241,0.0,56.2
1900-01-01 21:17:13.447,0.0,56.2
1900-01-01 21:17:13.650,0.0,56.2
1900-01-01 21:17:13.852,13.07,56.2
1900-01-01 21:17:15.053,0.0,56.2
1900-01-01 21:17:15.261,3.91,56.1
1900-01-01 21:17:15.465,0.0,56.1
1900-01-01 21:17:15.668,0.0,56.1
1900-01-01 21:17:15.870,0.83,56.1
1900-01-01 21:17:17.073,8.58,56.1
1900-01-01 21:17:17.275,11.0,55.1
1900-01-01 21:17:17.476,0.0,55.1
1900-01-01 21:17:17.676,0.0,55.1
1900-01-01 21:17:17.876,7.96,55.1
1900-01-01 21:17:19.076,0.0,55.1
1900-01-01 21:17:19.291,0.0,55.3
1900-01-01 21:17:19.493,2.9,55.3
1900-01-01 21:17:19.696,4.23,55.3
1900-01-01 21:17:19.898,0.0,55.3
1900-01-01 21:17:21.100,8.43,55.3
1900-01-01 21:17:21.308,3.18,54.8
1900-01-01 21:17:21.511,0.0,54.8
1900-01-01 21:17:21.714,0.0,54.8
1900-01-01 21:17:21.915,0.0,54.8
1900-01-01 21:17:23.119,0.0,54.8
1900-01-01 21:17:23.319,5.85,54.9
1900-01-01 21:17:23.521,5.47,54.9
1900-01-01 21:17:23.721,2.03,54.9
1900-01-01 21:17:23.925,0.0,54.9
1900-01-01 21:17:25.133,0.0,54.9
1900-01-01 21:17:25.346,0.0,54.5
1900-01-01 21:17:25.546,0.0,54.5
1900-01-01 21:17:25.746,0.0,54.5
1900-01-01 21:17:25.949,0.0,54.5
1900-01-01 21:17:27.157,0.0,54.1
1900-01-01 21:17:27.359,0.0,54.1
1900-01-01 21:17:27.559,0.0,54.1
1900-01-01 21:17:27.762,0.0,54.1
1900-01-01 21:17:27.965,0.0,54.1
1900-01-01 21:17:29.190,0.0,54.1
1900-01-01 21:17:29.400,0.0,54.1
1900-01-01 21:17:29.602,0.0,54.1
1900-01-01 21:17:29.805,0.0,54.1
1900-01-01 21:17:30.010,0.0,54.1
1900-01-01 21:17:31.229,0.0,54.0
1900-01-01 21:17:31.449,0.0,54.0
1900-01-01 21:17:31.652,0.0,54.0
1900-01-01 21:17:31.852,0.0,54.0
1900-01-01 21:17:33.057,0.0,54.0
1900-01-01 21:17:33.269,0.0,54.3
1900-01-01 21:17:33.476,4.8,54.3
1900-01-01 21:17:33.678,0.0,54.3
1900-01-01 21:17:33.882,0.0,54.3
1900-01-01 21:17:35.083,0.0,54.3
1900-01-01 21:17:35.294,0.0,54.3
1900-01-01 21:17:35.495,0.0,54.3
1900-01-01 21:17:35.695,0.0,54.3
1900-01-01 21:17:35.897,0.0,54.3
1900-01-01 21:17:37.103,0.0,54.3
1900-01-01 21:17:37.317,5.85,54.4
1900-01-01 21:17:37.519,0.0,54.4
1900-01-01 21:17:37.723,0.0,54.4
1900-01-01 21:17:37.924,0.0,54.4
1900-01-01 21:17:39.127,4.23,54.4
1900-01-01 21:17:39.338,0.0,54.0
1900-01-01 21:17:39.542,1.81,54.0
1900-01-01 21:17:39.743,0.0,54.0
1900-01-01 21:17:39.946,4.02,54.0
1900-01-01 21:17:41.162,0.0,53.8
1900-01-01 21:17:41.367,0.0,53.8
1900-01-01 21:17:41.567,0.0,53.8
1900-01-01 21:17:41.767,0.0,53.8
1900-01-01 21:17:41.975,8.48,53.8
1900-01-01 21:17:43.190,0.0,53.7
1900-01-01 21:17:43.416,7.69,53.7
1900-01-01 21:17:43.619,1.81,53.7
1900-01-01 21:17:43.822,0.0,53.7
1900-01-01 21:17:44.025,0.0,53.7
1900-01-01 21:17:45.242,4.52,53.4
1900-01-01 21:17:45.453,0.0,53.4
1900-01-01 21:17:45.656,0.0,53.4
1900-01-01 21:17:45.859,0.0,53.4
1900-01-01 21:17:47.065,0.0,53.4
1900-01-01 21:17:47.280,0.0,53.3
1900-01-01 21:17:47.486,0.0,53.3
1900-01-01 21:17:47.689,0.0,53.3
1900-01-01 21:17:47.891,9.3,53.3
1900-01-01 21:17:49.098,3.57,53.3
1900-01-01 21:17:49.308,2.75,52.9
1900-01-01 21:17:49.511,8.73,52.9
1900-01-01 21:17:49.713,6.34,52.9
1900-01-01 21:17:49.915,13.16,52.9
1900-01-01 21:17:51.120,11.9,52.9
1900-01-01 21:17:51.331,9.93,52.8
1900-01-01 21:17:51.532,20.02,52.8
1900-01-01 21:17:51.735,6.98,52.8
1900-01-01 21:17:51.937,0.0,52.8
1900-01-01 21:17:53.140,27.92,52.8
1900-01-01 21:17:53.352,19.63,52.4
1900-01-01 21:17:53.563,9.67,52.4
1900-01-01 21:17:53.765,13.03,52.4
1900-01-01 21:17:53.969,11.9,52.4
1900-01-01 21:17:55.188,10.96,52.2
1900-01-01 21:17:55.403,10.27,52.2
1900-01-01 21:17:55.605,22.12,52.2
1900-01-01 21:17:55.807,10.39,52.2
1900-01-01 21:17:56.014,20.43,52.2
1900-01-01 21:17:57.230,9.8,51.8
1900-01-01 21:17:57.442,12.53,51.8
1900-01-01 21:17:57.642,10.48,51.8
1900-01-01 21:17:57.846,7.8,51.8
1900-01-01 21:17:59.056,0.0,51.8
1900-01-01 21:17:59.271,10.19,51.7
1900-01-01 21:17:59.482,9.3,51.7
1900-01-01 21:17:59.683,18.58,51.7
1900-01-01 21:17:59.886,12.5,51.7
1900-01-01 21:18:01.086,18.87,51.7
1900-01-01 21:18:01.301,9.93,51.7
1900-01-01 21:18:01.506,18.2,51.7
1900-01-01 21:18:01.708,2.75,51.7
1900-01-01 21:18:01.910,8.12,51.7
1900-01-01 21:18:03.116,4.97,51.7
1900-01-01 21:18:03.326,13.86,51.4
1900-01-01 21:18:03.530,8.28,51.4
1900-01-01 21:18:03.730,15.8,51.4
1900-01-01 21:18:03.934,13.23,51.4
1900-01-01 21:18:05.139,2.42,51.4
1900-01-01 21:18:05.353,8.63,51.5
1900-01-01 21:18:05.555,15.58,51.5
1900-01-01 21:18:05.755,12.77,51.5
1900-01-01 21:18:05.958,4.97,51.5
1900-01-01 21:18:07.166,17.11,51.5
1900-01-01 21:18:07.379,8.63,51.7
1900-01-01 21:18:07.580,7.96,51.7
1900-01-01 21:18:07.782,6.8,51.7
1900-01-01 21:18:07.986,0.0,51.7
1900-01-01 21:18:09.217,10.14,51.2
1900-01-01 21:18:09.422,13.13,51.2
1900-01-01 21:18:09.625,6.06,51.2
1900-01-01 21:18:09.826,14.02,51.2
1900-01-01 21:18:10.033,7.52,51.2
1900-01-01 21:18:11.248,7.8,50.6
1900-01-01 21:18:11.461,10.88,50.6
1900-01-01 21:18:11.662,7.4,50.6
1900-01-01 21:18:11.865,14.53,50.6
1900-01-01 21:18:13.069,5.31,50.6
1900-01-01 21:18:13.280,2.42,50.4
1900-01-01 21:18:13.495,11.38,50.4
1900-01-01 21:18:13.697,12.77,50.4
1900-01-01 21:18:13.900,0.0,50.4
1900-01-01 21:18:15.104,10.31,50.4
1900-01-01 21:18:15.317,0.0,50.3
1900-01-01 21:18:15.517,6.98,50.3
1900-01-01 21:18:15.721,8.43,50.3
1900-01-01 21:18:15.927,13.16,50.3
1900-01-01 21:18:17.134,4.23,50.3
1900-01-01 21:18:17.342,12.43,50.2
1900-01-01 21:18:17.543,8.43,50.2
1900-01-01 21:18:17.743,0.0,50.2
1900-01-01 21:18:17.943,0.0,50.2
1900-01-01 21:18:19.150,5.47,50.2
1900-01-01 21:18:19.364,15.08,49.8
1900-01-01 21:18:19.565,6.06,49.8
1900-01-01 21:18:19.765,13.13,49.8
1900-01-01 21:18:19.967,4.8,49.8
1900-01-01 21:18:21.186,8.28,49.5
1900-01-01 21:18:21.391,0.0,49.5
1900-01-01 21:18:21.594,7.17,49.5
1900-01-01 21:18:21.795,7.8,49.5
1900-01-01 21:18:21.995,0.0,49.5
1900-01-01 21:18:23.214,0.0,50.0
1900-01-01 21:18:23.423,6.67,50.0
1900-01-01 21:18:23.624,8.93,50.0
1900-01-01 21:18:23.825,3.18,50.0
1900-01-01 21:18:24.031,13.74,50.0
1900-01-01 21:18:25.245,6.98,50.3
1900-01-01 21:18:25.459,0.0,50.3
1900-01-01 21:18:25.661,0.0,50.3
1900-01-01 21:18:25.861,7.4,50.3
1900-01-01 21:18:27.066,7.52,50.3
1900-01-01 21:18:27.283,0.0,50.7
1900-01-01 21:18:27.486,11.27,50.7
1900-01-01 21:18:27.686,13.61,50.7
1900-01-01 21:18:27.889,11.42,50.7
1900-01-01 21:18:29.092,9.67,50.7
1900-01-01 21:18:29.305,7.4,50.6
1900-01-01 21:18:29.505,2.03,50.6
1900-01-01 21:18:29.708,0.0,50.6
1900-01-01 21:18:29.910,0.0,50.6
1900-01-01 21:18:31.114,5.85,50.6
1900-01-01 21:18:31.322,2.42,50.0
1900-01-01 21:18:31.530,8.12,50.0
1900-01-01 21:18:31.731,3.57,50.0
1900-01-01 21:18:31.934,4.97,50.0
1900-01-01 21:18:33.138,5.31,50.0
1900-01-01 21:18:33.353,10.14,49.6
1900-01-01 21:18:33.556,2.9,49.6
1900-01-01 21:18:33.759,12.67,49.6
1900-01-01 21:18:33.960,9.67,49.6
1900-01-01 21:18:35.173,10.19,49.3
1900-01-01 21:18:35.382,6.8,49.3
1900-01-01 21:18:35.583,0.0,49.3
1900-01-01 21:18:35.787,0.0,49.3
1900-01-01 21:18:35.990,0.0,49.3
1900-01-01 21:18:37.210,0.0,49.3
1900-01-01 21:18:37.430,8.63,49.3
1900-01-01 21:18:37.634,0.0,49.3
1900-01-01 21:18:37.835,0.83,49.3
1900-01-01 21:18:39.045,7.63,49.3
1900-01-01 21:18:39.254,9.89,48.5
1900-01-01 21:18:39.467,4.52,48.5
1900-01-01 21:18:39.669,0.0,48.5
1900-01-01 21:18:39.869,0.0,48.5
1900-01-01 21:18:41.069,0.0,48.5
1900-01-01 21:18:41.283,8.17,48.1
1900-01-01 21:18:41.483,2.9,48.1
1900-01-01 21:18:41.686,0.0,48.1
1900-01-01 21:18:41.889,0.0,48.1
1900-01-01 21:18:43.090,10.72,48.1
1900-01-01 21:18:43.304,0.0,48.2
1900-01-01 21:18:43.538,4.43,48.2
1900-01-01 21:18:43.741,10.31,48.2
1900-01-01 21:18:43.943,6.86,48.2
1900-01-01 21:18:45.147,1.81,48.2
1900-01-01 21:18:45.358,7.8,47.3
1900-01-01 21:18:45.562,8.01,47.3
1900-01-01 21:18:45.766,8.48,47.3
1900-01-01 21:18:45.980,4.23,47.3
1900-01-01 21:18:47.214,6.8,47.2
1900-01-01 21:18:47.427,8.12,47.2
1900-01-01 21:18:47.630,2.9,47.2
1900-01-01 21:18:47.833,10.6,47.2
1900-01-01 21:18:48.038,10.39,47.2
1900-01-01 21:18:49.258,6.67,46.6
1900-01-01 21:18:49.468,4.02,46.6
1900-01-01 21:18:49.671,12.11,46.6
1900-01-01 21:18:49.875,14.02,46.6
1900-01-01 21:18:51.079,0.0,46.6
1900-01-01 21:18:51.292,0.0,47.3
1900-01-01 21:18:51.492,7.96,47.3
1900-01-01 21:18:51.692,13.58,47.3
1900-01-01 21:18:51.892,0.0,47.3
1900-01-01 21:18:53.093,6.54,47.3
1900-01-01 21:18:53.316,8.17,46.8
1900-01-01 21:18:53.518,0.0,46.8
1900-01-01 21:18:53.720,5.31,46.8
1900-01-01 21:18:53.920,0.0,46.8
1900-01-01 21:18:55.126,7.05,46.8
1900-01-01 21:18:55.339,0.0,46.5
1900-01-01 21:18:55.543,8.63,46.5
1900-01-01 21:18:55.744,10.64,46.5
1900-01-01 21:18:55.947,2.9,46.5
1900-01-01 21:18:57.154,15.42,46.5
1900-01-01 21:18:57.366,8.43,46.2
1900-01-01 21:18:57.567,17.11,46.2
1900-01-01 21:18:57.771,20.07,46.2
1900-01-01 21:18:57.973,11.15,46.2
1900-01-01 21:18:59.204,10.88,47.4
1900-01-01 21:18:59.426,20.32,47.4
1900-01-01 21:18:59.629,7.23,47.4
1900-01-01 21:18:59.831,8.43,47.4
1900-01-01 21:19:00.032,0.0,47.4
1900-01-01 21:19:01.247,12.29,47.0
1900-01-01 21:19:01.460,4.8,47.0
1900-01-01 21:19:01.661,0.0,47.0
1900-01-01 21:19:01.862,8.88,47.0
1900-01-01 21:19:03.066,14.85,47.0
1900-01-01 21:19:03.278,12.18,47.5
1900-01-01 21:19:03.486,0.0,47.5
1900-01-01 21:19:03.689,6.86,47.5
1900-01-01 21:19:03.893,12.77,47.5
1900-01-01 21:19:05.106,14.85,47.5
1900-01-01 21:19:05.325,0.0,47.5
1900-01-01 21:19:05.525,12.32,47.5
1900-01-01 21:19:05.725,9.16,47.5
1900-01-01 21:19:05.927,5.23,47.5
1900-01-01 21:19:07.135,7.96,47.5
1900-01-01 21:19:07.342,0.0,47.4
1900-01-01 21:19:07.544,7.96,47.4
1900-01-01 21:19:07.744,0.0,47.4
1900-01-01 21:19:07.946,0.0,47.4
1900-01-01 21:19:09.202,8.43,47.3
1900-01-01 21:19:09.426,20.72,47.3
1900-01-01 21:19:09.629,14.68,47.3
1900-01-01 21:19:09.830,8.78,47.3
1900-01-01 21:19:10.035,1.24,47.3
1900-01-01 21:19:11.266,14.05,47.1
1900-01-01 21:19:11.478,0.0,47.1
1900-01-01 21:19:11.680,0.0,47.1
1900-01-01 21:19:11.881,14.35,47.1
1900-01-01 21:19:13.088,10.31,47.1
1900-01-01 21:19:13.302,13.29,47.2
1900-01-01 21:19:13.504,10.72,47.2
1900-01-01 21:19:13.706,7.23,47.2
1900-01-01 21:19:13.910,14.47,47.2
1900-01-01 21:19:15.112,10.19,47.2
1900-01-01 21:19:15.334,17.53,46.8
1900-01-01 21:19:15.535,6.47,46.8
1900-01-01 21:19:15.739,9.07,46.8
1900-01-01 21:19:15.940,19.08,46.8
1900-01-01 21:19:17.141,0.0,46.8
1900-01-01 21:19:17.368,11.15,45.7
1900-01-01 21:19:17.572,13.52,45.7
1900-01-01 21:19:17.773,12.7,45.7
1900-01-01 21:19:17.974,9.07,45.7
1900-01-01 21:19:19.192,13.29,46.2
1900-01-01 21:19:19.401,14.02,46.2
1900-01-01 21:19:19.602,15.88,46.2
1900-01-01 21:19:19.803,7.52,46.2
1900-01-01 21:19:20.009,0.0,46.2
1900-01-01 21:19:21.228,9.4,46.8
1900-01-01 21:19:21.447,7.34,46.8
1900-01-01 21:19:21.649,7.52,46.8
1900-01-01 21:19:21.850,6.67,46.8
1900-01-01 21:19:23.052,17.31,46.8
1900-01-01 21:19:23.275,6.13,47.0
1900-01-01 21:19:23.487,13.39,47.0
1900-01-01 21:19:23.688,6.67,47.0
1900-01-01 21:19:23.888,4.43,47.0
1900-01-01 21:19:25.088,21.15,47.0
1900-01-01 21:19:25.302,6.34,47.7
1900-01-01 21:19:25.506,9.58,47.7
1900-01-01 21:19:25.706,14.47,47.7
1900-01-01 21:19:25.908,8.28,47.7
1900-01-01 21:19:27.110,0.0,47.7
1900-01-01 21:19:27.322,12.04,47.7
1900-01-01 21:19:27.526,7.23,47.7
1900-01-01 21:19:27.729,2.9,47.7
1900-01-01 21:19:27.929,0.0,47.7
1900-01-01 21:19:29.137,6.13,47.7
1900-01-01 21:19:29.356,7.96,47.6
1900-01-01 21:19:29.558,5.85,47.6
1900-01-01 21:19:29.760,8.43,47.6
1900-01-01 21:19:29.964,8.73,47.6
1900-01-01 21:19:31.191,10.88,47.2
1900-01-01 21:19:31.398,8.43,47.2
1900-01-01 21:19:31.599,0.0,47.2
1900-01-01 21:19:31.799,5.06,47.2
1900-01-01 21:19:32.004,22.18,47.2
1900-01-01 21:19:33.222,9.26,47.1
1900-01-01 21:19:33.433,23.77,47.1
1900-01-01 21:19:33.636,11.53,47.1
1900-01-01 21:19:33.840,14.11,47.1
1900-01-01 21:19:34.040,15.58,47.1
1900-01-01 21:19:35.271,13.33,47.1
1900-01-01 21:19:35.482,14.62,47.1
1900-01-01 21:19:35.684,16.6,47.1
1900-01-01 21:19:35.888,11.0,47.1
1900-01-01 21:19:37.091,9.89,47.1
1900-01-01 21:19:37.314,10.27,47.4
1900-01-01 21:19:37.517,11.72,47.4
1900-01-01 21:19:37.720,9.67,47.4
1900-01-01 21:19:37.923,9.89,47.4
1900-01-01 21:19:39.125,11.19,47.4
1900-01-01 21:19:39.339,9.02,48.0
1900-01-01 21:19:39.543,8.28,48.0
1900-01-01 21:19:39.745,12.6,48.0
1900-01-01 21:19:39.949,0.0,48.0
1900-01-01 21:19:41.150,4.43,48.0
1900-01-01 21:19:41.375,17.18,48.9
1900-01-01 21:19:41.577,8.88,48.9
1900-01-01 21:19:41.777,1.81,48.9
1900-01-01 21:19:41.983,9.58,48.9
1900-01-01 21:19:43.202,8.48,48.8
1900-01-01 21:19:43.422,13.42,48.8
1900-01-01 21:19:43.624,10.27,48.8
1900-01-01 21:19:43.824,6.34,48.8
1900-01-01 21:19:44.031,14.2,48.8
1900-01-01 21:19:45.245,15.47,47.7
1900-01-01 21:19:45.460,8.43,47.7
1900-01-01 21:19:45.661,10.06,47.7
1900-01-01 21:19:45.863,8.48,47.7
1900-01-01 21:19:47.065,17.68,47.7
1900-01-01 21:19:47.280,6.67,47.8
1900-01-01 21:19:47.487,19.79,47.8
1900-01-01 21:19:47.691,19.7,47.8
1900-01-01 21:19:47.894,18.94,47.8
1900-01-01 21:19:49.102,12.77,47.8
1900-01-01 21:19:49.314,15.8,48.3
1900-01-01 21:19:49.514,25.81,48.3
1900-01-01 21:19:49.714,20.09,48.3
1900-01-01 21:19:49.918,17.46,48.3
1900-01-01 21:19:51.120,24.78,48.3
1900-01-01 21:19:51.329,19.7,48.1
1900-01-01 21:19:51.530,12.04,48.1
1900-01-01 21:19:51.732,28.85,48.1
1900-01-01 21:19:51.934,25.24,48.1
1900-01-01 21:19:53.137,25.99,48.1
1900-01-01 21:19:53.350,20.24,48.4
1900-01-01 21:19:53.550,27.52,48.4
1900-01-01 21:19:53.754,17.03,48.4
1900-01-01 21:19:53.954,27.61,48.4
1900-01-01 21:19:55.162,24.48,48.4
1900-01-01 21:19:55.376,25.61,48.4
1900-01-01 21:19:55.579,30.59,48.4
1900-01-01 21:19:55.779,15.97,48.4
1900-01-01 21:19:55.981,31.98,48.4
1900-01-01 21:19:57.204,28.35,48.3
1900-01-01 21:19:57.410,30.11,48.3
1900-01-01 21:19:57.614,21.79,48.3
1900-01-01 21:19:57.817,23.98,48.3
1900-01-01 21:19:58.024,27.05,48.3
1900-01-01 21:19:59.251,29.84,48.2
1900-01-01 21:19:59.463,27.97,48.2
1900-01-01 21:19:59.664,27.69,48.2
1900-01-01 21:19:59.865,23.59,48.2
1900-01-01 21:20:01.067,30.44,48.2
1900-01-01 21:20:01.283,24.53,48.4
1900-01-01 21:20:01.492,19.19,48.4
1900-01-01 21:20:01.692,30.55,48.4
1900-01-01 21:20:01.896,27.74,48.4
1900-01-01 21:20:03.100,25.12,48.4
1900-01-01 21:20:03.314,20.13,48.6
1900-01-01 21:20:03.526,20.13,48.6
1900-01-01 21:20:03.729,29.35,48.6
1900-01-01 21:20:03.929,25.38,48.6
1900-01-01 21:20:05.137,33.88,48.6
1900-01-01 21:20:05.346,31.95,48.2
1900-01-01 21:20:05.551,29.26,48.2
1900-01-01 21:20:05.752,26.47,48.2
1900-01-01 21:20:05.953,23.89,48.2
1900-01-01 21:20:07.154,32.78,48.2
1900-01-01 21:20:07.367,36.61,48.0
1900-01-01 21:20:07.569,28.21,48.0
1900-01-01 21:20:07.772,25.8,48.0
1900-01-01 21:20:07.976,29.35,48.0
1900-01-01 21:20:09.197,34.5,47.8
1900-01-01 21:20:09.413,27.32,47.8
1900-01-01 21:20:09.616,32.93,47.8
1900-01-01 21:20:09.817,27.24,47.8
1900-01-01 21:20:10.020,28.27,47.8
1900-01-01 21:20:11.251,20.36,47.2
1900-01-01 21:20:11.458,23.26,47.2
1900-01-01 21:20:11.662,25.04,47.2
1900-01-01 21:20:11.862,29.93,47.2
1900-01-01 21:20:13.069,31.36,47.2
1900-01-01 21:20:13.280,31.37,47.0
1900-01-01 21:20:13.493,27.57,47.0
1900-01-01 21:20:13.693,35.76,47.0
1900-01-01 21:20:13.895,20.32,47.0
1900-01-01 21:20:15.103,35.94,47.0
1900-01-01 21:20:15.317,29.87,46.5
1900-01-01 21:20:15.541,38.7,46.5
1900-01-01 21:20:15.744,25.66,46.5
1900-01-01 21:20:15.947,30.89,46.5
1900-01-01 21:20:17.155,28.0,46.5
1900-01-01 21:20:17.380,29.54,46.2
1900-01-01 21:20:17.584,19.65,46.2
1900-01-01 21:20:17.787,32.63,46.2
1900-01-01 21:20:17.998,25.51,46.2
1900-01-01 21:20:19.219,32.47,45.7
1900-01-01 21:20:19.425,28.61,45.7
1900-01-01 21:20:19.628,30.9,45.7
1900-01-01 21:20:19.828,32.74,45.7
1900-01-01 21:20:20.030,31.23,45.7
1900-01-01 21:20:21.247,17.77,45.5
1900-01-01 21:20:21.461,25.71,45.5
1900-01-01 21:20:21.661,33.37,45.5
1900-01-01 21:20:21.863,25.61,45.5
1900-01-01 21:20:23.067,29.88,45.5
1900-01-01 21:20:23.339,31.71,44.7
1900-01-01 21:20:23.553,27.32,44.7
1900-01-01 21:20:23.757,33.81,44.7
1900-01-01 21:20:23.957,25.61,44.7
1900-01-01 21:20:25.174,34.78,44.7
1900-01-01 21:20:25.387,28.89,44.4
1900-01-01 21:20:25.591,24.85,44.4
1900-01-01 21:20:25.795,24.07,44.4
1900-01-01 21:20:25.996,25.12,44.4
1900-01-01 21:20:27.218,24.07,44.1
1900-01-01 21:20:27.423,6.13,44.1
1900-01-01 21:20:27.627,19.7,44.1
1900-01-01 21:20:27.830,22.43,44.1
1900-01-01 21:20:28.030,9.93,44.1
1900-01-01 21:20:29.247,13.33,44.1
1900-01-01 21:20:29.469,13.58,44.1
1900-01-01 21:20:29.669,20.88,44.1
1900-01-01 21:20:29.872,14.17,44.1
1900-01-01 21:20:31.073,12.67,44.1
1900-01-01 21:20:31.300,17.53,44.4
1900-01-01 21:20:31.511,0.0,44.4
1900-01-01 21:20:31.714,21.31,44.4
1900-01-01 21:20:31.915,18.53,44.4
1900-01-01 21:20:33.119,17.58,44.4
1900-01-01 21:20:33.335,14.44,44.0
1900-01-01 21:20:33.542,19.63,44.0
1900-01-01 21:20:33.745,18.39,44.0
1900-01-01 21:20:33.948,15.58,44.0
1900-01-01 21:20:35.152,18.13,44.0
1900-01-01 21:20:35.361,18.6,44.1
1900-01-01 21:20:35.566,17.68,44.1
1900-01-01 21:20:35.768,15.08,44.1
1900-01-01 21:20:35.971,18.94,44.1
1900-01-01 21:20:37.191,14.88,43.7
1900-01-01 21:20:37.411,15.86,43.7
1900-01-01 21:20:37.614,15.36,43.7
1900-01-01 21:20:37.814,14.62,43.7
1900-01-01 21:20:38.019,15.94,43.7
1900-01-01 21:20:39.248,14.2,43.5
1900-01-01 21:20:39.460,15.88,43.5
1900-01-01 21:20:39.660,15.56,43.5
1900-01-01 21:20:39.867,16.31,43.5
1900-01-01 21:20:41.069,11.9,43.5
1900-01-01 21:20:41.284,0.0,43.0
1900-01-01 21:20:41.492,16.68,43.0
1900-01-01 21:20:41.696,9.3,43.0
1900-01-01 21:20:41.900,13.77,43.0
1900-01-01 21:20:43.101,16.68,43.0
1900-01-01 21:20:43.315,0.0,42.6
1900-01-01 21:20:43.533,5.06,42.6
1900-01-01 21:20:43.737,14.76,42.6
1900-01-01 21:20:43.940,8.43,42.6
1900-01-01 21:20:45.147,0.0,42.6
1900-01-01 21:20:45.367,0.0,42.6
1900-01-01 21:20:45.569,13.29,42.6
1900-01-01 21:20:45.769,6.98,42.6
1900-01-01 21:20:45.973,14.97,42.6
1900-01-01 21:20:47.190,18.92,42.7
1900-01-01 21:20:47.401,17.72,42.7
1900-01-01 21:20:47.602,6.67,42.7
1900-01-01 21:20:47.805,15.72,42.7
1900-01-01 21:20:48.013,8.01,42.7
1900-01-01 21:20:49.234,16.75,42.5
1900-01-01 21:20:49.439,22.37,42.5
1900-01-01 21:20:49.640,14.88,42.5
1900-01-01 21:20:49.843,11.38,42.5
1900-01-01 21:20:50.045,11.68,42.5
1900-01-01 21:20:51.260,9.89,42.5
1900-01-01 21:20:51.482,17.99,42.5
1900-01-01 21:20:51.684,19.79,42.5
1900-01-01 21:20:51.885,28.27,42.5
1900-01-01 21:20:53.088,19.1,42.5
1900-01-01 21:20:53.301,14.79,42.5
1900-01-01 21:20:53.512,22.33,42.5
1900-01-01 21:20:53.712,20.68,42.5
1900-01-01 21:20:53.916,19.32,42.5
1900-01-01 21:20:55.118,11.0,42.5
1900-01-01 21:20:55.332,11.9,42.4
1900-01-01 21:20:55.539,12.6,42.4
1900-01-01 21:20:55.742,13.29,42.4
1900-01-01 21:20:55.943,13.16,42.4
1900-01-01 21:20:57.149,0.0,42.4
1900-01-01 21:20:57.357,9.8,42.3
1900-01-01 21:20:57.566,13.74,42.3
1900-01-01 21:20:57.766,16.05,42.3
1900-01-01 21:20:57.966,14.29,42.3
1900-01-01 21:20:59.194,17.03,42.3
1900-01-01 21:20:59.402,9.07,42.3
1900-01-01 21:20:59.603,7.34,42.3
1900-01-01 21:20:59.806,6.47,42.3
1900-01-01 21:21:00.008,0.0,42.3
1900-01-01 21:21:01.224,0.0,42.3
1900-01-01 21:21:01.433,11.9,42.3
1900-01-01 21:21:01.636,8.78,42.3
1900-01-01 21:21:01.836,16.02,42.3
1900-01-01 21:21:02.040,3.68,42.3
1900-01-01 21:21:03.261,6.67,42.3
1900-01-01 21:21:03.467,18.01,42.3
1900-01-01 21:21:03.669,12.67,42.3
1900-01-01 21:21:03.873,0.0,42.3
1900-01-01 21:21:05.074,7.23,42.3
1900-01-01 21:21:05.300,9.58,42.2
1900-01-01 21:21:05.510,14.68,42.2
1900-01-01 21:21:05.713,18.25,42.2
1900-01-01 21:21:05.913,11.0,42.2
1900-01-01 21:21:07.113,14.47,42.2
1900-01-01 21:21:07.324,9.02,41.9
1900-01-01 21:21:07.537,13.77,41.9
1900-01-01 21:21:07.739,4.02,41.9
1900-01-01 21:21:07.940,13.29,41.9
1900-01-01 21:21:09.147,12.11,41.9
1900-01-01 21:21:09.360,11.82,41.6
1900-01-01 21:21:09.564,5.06,41.6
1900-01-01 21:21:09.766,3.91,41.6
1900-01-01 21:21:09.969,11.9,41.6
1900-01-01 21:21:11.183,10.14,41.4
1900-01-01 21:21:11.403,11.53,41.4
1900-01-01 21:21:11.606,10.64,41.4
1900-01-01 21:21:11.808,0.0,41.4
1900-01-01 21:21:12.011,12.04,41.4
1900-01-01 21:21:13.287,0.0,41.0
1900-01-01 21:21:13.506,12.11,41.0
1900-01-01 21:21:13.708,12.04,41.0
1900-01-01 21:21:13.912,12.22,41.0
1900-01-01 21:21:15.118,8.78,41.0
1900-01-01 21:21:15.330,9.26,40.7
1900-01-01 21:21:15.540,11.0,40.7
1900-01-01 21:21:15.741,1.24,40.7
1900-01-01 21:21:15.941,4.43,40.7
1900-01-01 21:21:17.142,10.06,40.7
1900-01-01 21:21:17.354,8.17,40.5
1900-01-01 21:21:17.563,8.01,40.5
1900-01-01 21:21:17.766,2.42,40.5
1900-01-01 21:21:17.966,0.0,40.5
1900-01-01 21:21:19.177,8.43,40.5
1900-01-01 21:21:19.386,5.06,40.3
1900-01-01 21:21:19.586,0.0,40.3
1900-01-01 21:21:19.788,1.81,40.3
1900-01-01 21:21:19.989,0.0,40.3
1900-01-01 21:21:21.207,0.0,40.0
1900-01-01 21:21:21.417,11.82,40.0
1900-01-01 21:21:21.619,5.7,40.0
1900-01-01 21:21:21.822,8.63,40.0
1900-01-01 21:21:22.024,0.0,40.0
1900-01-01 21:21:23.243,6.34,39.7
1900-01-01 21:21:23.449,9.67,39.7
1900-01-01 21:21:23.650,8.17,39.7
1900-01-01 21:21:23.853,0.0,39.7
1900-01-01 21:21:25.066,10.27,39.7
1900-01-01 21:21:25.280,0.0,39.7
1900-01-01 21:21:25.486,8.78,39.7
1900-01-01 21:21:25.687,0.0,39.7
1900-01-01 21:21:25.889,0.0,39.7
1900-01-01 21:21:27.091,0.0,39.7
1900-01-01 21:21:27.301,11.15,39.3
1900-01-01 21:21:27.513,8.43,39.3
1900-01-01 21:21:27.716,0.0,39.3
1900-01-01 21:21:27.916,0.0,39.3
1900-01-01 21:21:29.116,0.0,39.3
1900-01-01 21:21:29.328,0.0,39.0
1900-01-01 21:21:29.537,7.4,39.0
1900-01-01 21:21:29.738,5.7,39.0
1900-01-01 21:21:29.940,0.0,39.0
1900-01-01 21:21:31.141,10.88,39.0
1900-01-01 21:21:31.351,5.47,38.6
1900-01-01 21:21:31.556,8.17,38.6
1900-01-01 21:21:31.756,10.96,38.6
1900-01-01 21:21:31.957,9.58,38.6
1900-01-01 21:21:33.174,4.23,38.6
1900-01-01 21:21:33.382,0.0,38.3
1900-01-01 21:21:33.582,4.23,38.3
1900-01-01 21:21:33.782,0.0,38.3
1900-01-01 21:21:33.984,0.0,38.3
1900-01-01 21:21:35.214,0.0,37.9
1900-01-01 21:21:35.422,0.0,37.9
1900-01-01 21:21:35.623,0.0,37.9
1900-01-01 21:21:35.827,3.32,37.9
1900-01-01 21:21:36.029,5.54,37.9
1900-01-01 21:21:37.248,0.0,37.4
1900-01-01 21:21:37.454,0.0,37.4
1900-01-01 21:21:37.655,0.0,37.4
1900-01-01 21:21:37.858,0.0,37.4
1900-01-01 21:21:39.066,0.0,37.4
1900-01-01 21:21:39.292,0.0,37.5
1900-01-01 21:21:39.501,0.0,37.5
1900-01-01 21:21:39.705,0.0,37.5
1900-01-01 21:21:39.906,0.0,37.5
1900-01-01 21:21:41.106,0.0,37.5
1900-01-01 21:21:41.319,0.0,37.4
1900-01-01 21:21:41.541,0.0,37.4
1900-01-01 21:21:41.745,4.8,37.4
1900-01-01 21:21:41.949,0.0,37.4
1900-01-01 21:21:43.151,0.0,37.4
1900-01-01 21:21:43.364,0.0,37.2
1900-01-01 21:21:43.564,7.34,37.2
1900-01-01 21:21:43.767,5.06,37.2
1900-01-01 21:21:43.970,4.02,37.2
1900-01-01 21:21:45.184,0.0,36.7
1900-01-01 21:21:45.400,8.73,36.7
1900-01-01 21:21:45.602,7.85,36.7
1900-01-01 21:21:45.806,9.53,36.7
1900-01-01 21:21:46.010,4.52,36.7
1900-01-01 21:21:47.229,5.85,35.8
1900-01-01 21:21:47.435,5.7,35.8
1900-01-01 21:21:47.639,0.0,35.8
1900-01-01 21:21:47.840,4.71,35.8
1900-01-01 21:21:48.044,0.0,35.8
1900-01-01 21:21:49.259,4.71,35.0
1900-01-01 21:21:49.469,0.0,35.0
1900-01-01 21:21:49.671,4.43,35.0
1900-01-01 21:21:49.872,0.0,35.0
1900-01-01 21:21:51.076,4.43,35.0
1900-01-01 21:21:51.288,0.0,33.6
1900-01-01 21:21:51.497,5.23,33.6
1900-01-01 21:21:51.699,2.75,33.6
1900-01-01 21:21:51.901,0.0,33.6
1900-01-01 21:21:53.108,0.0,33.6
1900-01-01 21:21:53.321,0.0,33.2
1900-01-01 21:21:53.530,0.0,33.2
1900-01-01 21:21:53.730,0.0,33.2
1900-01-01 21:21:53.933,0.0,33.2
1900-01-01 21:21:55.135,4.02,33.2
1900-01-01 21:21:55.344,2.42,33.3
1900-01-01 21:21:55.554,1.24,33.3
1900-01-01 21:21:55.754,0.0,33.3
1900-01-01 21:21:55.957,0.0,33.3
1900-01-01 21:21:57.165,0.0,33.3
1900-01-01 21:21:57.389,0.0,32.2
1900-01-01 21:21:57.591,0.0,32.2
1900-01-01 21:21:57.795,0.0,32.2
1900-01-01 21:21:58.001,0.0,32.2
1900-01-01 21:21:59.224,0.0,31.5
1900-01-01 21:21:59.429,2.75,31.5
1900-01-01 21:21:59.633,0.0,31.5
1900-01-01 21:21:59.835,0.0,31.5
1900-01-01 21:22:00.040,0.0,31.5
1900-01-01 21:22:01.273,0.0,31.8
1900-01-01 21:22:01.478,0.0,31.8
1900-01-01 21:22:01.679,0.0,31.8
1900-01-01 21:22:01.879,0.0,31.8
1900-01-01 21:22:03.087,0.0,31.8
1900-01-01 21:22:03.296,0.0,32.1
1900-01-01 21:22:03.557,0.0,32.1
1900-01-01 21:22:03.761,1.24,32.1
1900-01-01 21:22:03.963,0.0,32.1
1900-01-01 21:22:05.170,0.0,32.1
1900-01-01 21:22:05.383,0.0,32.6
1900-01-01 21:22:05.584,0.0,32.6
1900-01-01 21:22:05.788,0.0,32.6
1900-01-01 21:22:05.989,0.0,32.6
1900-01-01 21:22:07.208,0.0,33.6
1900-01-01 21:22:07.425,0.0,33.6
1900-01-01 21:22:07.626,0.0,33.6
1900-01-01 21:22:07.827,0.0,33.6
1900-01-01 21:22:08.027,0.0,33.6
1900-01-01 21:22:09.246,0.0,35.0
1900-01-01 21:22:09.454,0.0,35.0
1900-01-01 21:22:09.654,0.0,35.0
1900-01-01 21:22:09.855,0.0,35.0
1900-01-01 21:22:11.055,0.0,35.0
1900-01-01 21:22:11.265,0.0,35.8
1900-01-01 21:22:11.475,0.0,35.8
1900-01-01 21:22:11.678,0.0,35.8
1900-01-01 21:22:11.880,0.0,35.8
1900-01-01 21:22:13.080,0.0,35.8
1900-01-01 21:22:13.293,0.0,38.1
1900-01-01 21:22:13.515,0.0,38.1
1900-01-01 21:22:13.717,0.0,38.1
1900-01-01 21:22:13.918,0.0,38.1
1900-01-01 21:22:15.121,5.06,38.1
1900-01-01 21:22:15.333,12.97,40.7
1900-01-01 21:22:15.544,7.17,40.7
1900-01-01 21:22:15.747,8.43,40.7
1900-01-01 21:22:15.950,0.0,40.7
1900-01-01 21:22:17.164,7.63,40.7
1900-01-01 21:22:17.372,1.24,41.7
1900-01-01 21:22:17.574,13.03,41.7
1900-01-01 21:22:17.775,6.8,41.7
1900-01-01 21:22:17.975,9.02,41.7
1900-01-01 21:22:19.190,0.0,42.8
1900-01-01 21:22:19.410,0.0,42.8
1900-01-01 21:22:19.613,10.27,42.8
1900-01-01 21:22:19.816,0.0,42.8
1900-01-01 21:22:20.021,5.31,42.8
1900-01-01 21:22:21.238,6.47,43.7
1900-01-01 21:22:21.446,0.0,43.7
1900-01-01 21:22:21.646,7.17,43.7
1900-01-01 21:22:21.846,3.91,43.7
1900-01-01 21:22:22.052,6.98,43.7
1900-01-01 21:22:23.283,10.14,44.4
1900-01-01 21:22:23.488,0.0,44.4
1900-01-01 21:22:23.691,0.0,44.4
1900-01-01 21:22:23.891,0.0,44.4
1900-01-01 21:22:25.091,0.0,44.4
1900-01-01 21:22:25.301,0.0,43.6
1900-01-01 21:22:25.523,4.71,43.6
1900-01-01 21:22:25.726,9.58,43.6
1900-01-01 21:22:25.928,0.0,43.6
1900-01-01 21:22:27.130,6.06,43.6
1900-01-01 21:22:27.341,0.0,43.6
1900-01-01 21:22:27.546,9.71,43.6
1900-01-01 21:22:27.748,5.06,43.6
1900-01-01 21:22:27.952,5.7,43.6
1900-01-01 21:22:29.165,0.0,43.6
1900-01-01 21:22:29.385,8.78,44.9
1900-01-01 21:22:29.585,0.0,44.9
1900-01-01 21:22:29.786,5.92,44.9
1900-01-01 21:22:29.990,0.0,44.9
1900-01-01 21:22:31.209,1.81,45.3
1900-01-01 21:22:31.416,5.23,45.3
1900-01-01 21:22:31.618,7.17,45.3
1900-01-01 21:22:31.821,0.0,45.3
1900-01-01 21:22:32.027,3.91,45.3
1900-01-01 21:22:33.244,13.74,45.9
1900-01-01 21:22:33.452,10.02,45.9
1900-01-01 21:22:33.653,11.68,45.9
1900-01-01 21:22:33.857,4.71,45.9
1900-01-01 21:22:35.064,9.3,45.9
1900-01-01 21:22:35.289,10.27,46.5
1900-01-01 21:22:35.509,7.52,46.5
1900-01-01 21:22:35.709,8.43,46.5
1900-01-01 21:22:35.912,11.79,46.5
1900-01-01 21:22:37.118,0.0,46.5
1900-01-01 21:22:37.330,8.43,46.6
1900-01-01 21:22:37.539,10.14,46.6
1900-01-01 21:22:37.740,8.58,46.6
1900-01-01 21:22:37.944,9.89,46.6
1900-01-01 21:22:39.149,0.0,46.6
1900-01-01 21:22:39.357,13.77,45.8
1900-01-01 21:22:39.562,7.34,45.8
1900-01-01 21:22:39.764,0.83,45.8
1900-01-01 21:22:39.964,11.82,45.8
1900-01-01 21:22:41.168,9.3,45.8
1900-01-01 21:22:41.392,6.54,45.7
1900-01-01 21:22:41.593,12.39,45.7
1900-01-01 21:22:41.794,4.23,45.7
1900-01-01 21:22:42.001,4.52,45.7
1900-01-01 21:22:43.219,0.0,45.8
1900-01-01 21:22:43.427,6.06,45.8
1900-01-01 21:22:43.630,6.06,45.8
1900-01-01 21:22:43.833,0.0,45.8
1900-01-01 21:22:44.039,0.0,45.8
1900-01-01 21:22:45.260,6.67,45.6
1900-01-01 21:22:45.465,0.0,45.6
1900-01-01 21:22:45.668,10.84,45.6
1900-01-01 21:22:45.872,10.06,45.6
1900-01-01 21:22:47.075,0.0,45.6
1900-01-01 21:22:47.285,0.0,44.5
1900-01-01 21:22:47.507,3.68,44.5
1900-01-01 21:22:47.710,0.0,44.5
1900-01-01 21:22:47.911,0.0,44.5
1900-01-01 21:22:49.117,0.0,44.5
1900-01-01 21:22:49.328,0.0,44.6
1900-01-01 21:22:49.537,5.92,44.6
1900-01-01 21:22:49.740,1.24,44.6
1900-01-01 21:22:49.942,0.0,44.6
1900-01-01 21:22:51.148,0.0,44.6
1900-01-01 21:22:51.367,0.0,44.0
1900-01-01 21:22:51.567,0.0,44.0
1900-01-01 21:22:51.770,0.0,44.0
1900-01-01 21:22:51.973,6.47,44.0
1900-01-01 21:22:53.194,0.0,44.8
1900-01-01 21:22:53.398,0.0,44.8
1900-01-01 21:22:53.618,0.0,44.8
1900-01-01 21:22:53.818,0.0,44.8
1900-01-01 21:22:54.025,0.0,44.8
1900-01-01 21:22:55.242,0.0,43.1
1900-01-01 21:22:55.450,0.0,43.1
1900-01-01 21:22:55.650,0.0,43.1
1900-01-01 21:22:55.852,0.0,43.1
1900-01-01 21:22:57.062,4.97,43.1
1900-01-01 21:22:57.295,8.88,41.9
1900-01-01 21:22:57.510,3.32,41.9
1900-01-01 21:22:57.710,6.13,41.9
1900-01-01 21:22:57.912,5.7,41.9
1900-01-01 21:22:59.117,0.0,41.9
1900-01-01 21:22:59.329,8.17,41.4
1900-01-01 21:22:59.538,7.96,41.4
1900-01-01 21:22:59.738,6.8,41.4
1900-01-01 21:22:59.941,11.53,41.4
1900-01-01 21:23:01.145,4.97,41.4
1900-01-01 21:23:01.353,8.43,41.6
1900-01-01 21:23:01.558,3.68,41.6
1900-01-01 21:23:01.758,0.0,41.6
1900-01-01 21:23:01.960,0.0,41.6
1900-01-01 21:23:03.164,0.0,41.6
1900-01-01 21:23:03.388,0.0,40.0
1900-01-01 21:23:03.591,6.13,40.0
1900-01-01 21:23:03.791,0.0,40.0
1900-01-01 21:23:03.994,0.0,40.0
1900-01-01 21:23:05.211,0.0,40.4
1900-01-01 21:23:05.419,0.0,40.4
1900-01-01 21:23:05.619,0.0,40.4
1900-01-01 21:23:05.819,0.0,40.4
1900-01-01 21:23:06.027,0.0,40.4
1900-01-01 21:23:07.248,0.0,41.0
1900-01-01 21:23:07.451,0.0,41.0
1900-01-01 21:23:07.654,0.0,41.0
1900-01-01 21:23:07.856,0.0,41.0
1900-01-01 21:23:09.064,0.0,41.0
1900-01-01 21:23:09.274,0.0,40.8
1900-01-01 21:23:09.495,0.0,40.8
1900-01-01 21:23:09.696,0.0,40.8
1900-01-01 21:23:09.896,0.0,40.8
1900-01-01 21:23:11.101,0.0,40.8
1900-01-01 21:23:11.314,0.0,41.1
1900-01-01 21:23:11.524,0.0,41.1
1900-01-01 21:23:11.725,0.0,41.1
1900-01-01 21:23:11.925,0.0,41.1
1900-01-01 21:23:13.131,0.0,41.1
1900-01-01 21:23:13.347,0.0,40.6
1900-01-01 21:23:13.549,0.0,40.6
1900-01-01 21:23:13.752,0.0,40.6
1900-01-01 21:23:13.956,0.0,40.6
1900-01-01 21:23:15.167,0.0,41.1
1900-01-01 21:23:15.374,0.0,41.1
1900-01-01 21:23:15.577,0.0,41.1
1900-01-01 21:23:15.779,0.0,41.1
1900-01-01 21:23:15.982,0.0,41.1
1900-01-01 21:23:17.201,0.0,40.7
1900-01-01 21:23:17.408,0.0,40.7
1900-01-01 21:23:17.608,0.0,40.7
1900-01-01 21:23:17.808,0.0,40.7
1900-01-01 21:23:18.011,0.0,40.7
1900-01-01 21:23:19.296,0.0,40.7
1900-01-01 21:23:19.517,0.0,40.7
1900-01-01 21:23:19.721,0.0,40.7
1900-01-01 21:23:19.924,0.0,40.7
1900-01-01 21:23:21.128,0.0,40.7
1900-01-01 21:23:21.338,0.0,40.0
1900-01-01 21:23:21.546,0.0,40.0
1900-01-01 21:23:21.746,0.0,40.0
1900-01-01 21:23:21.948,0.0,40.0
1900-01-01 21:23:23.154,0.0,40.0
1900-01-01 21:23:23.360,0.0,40.5
1900-01-01 21:23:23.563,0.0,40.5
1900-01-01 21:23:23.765,0.0,40.5
1900-01-01 21:23:23.966,0.0,40.5
1900-01-01 21:23:25.185,0.0,40.3
1900-01-01 21:23:25.404,0.0,40.3
1900-01-01 21:23:25.604,0.0,40.3
1900-01-01 21:23:25.805,0.0,40.3
